한국,Korea,https://www.howtostudykorean.com/wp-content/uploads/2014/01/wLesson1-1.mp3
도시,city,https://www.howtostudykorean.com/wp-content/uploads/2014/01/wLesson-1-2.mp3
이름,name,https://www.howtostudykorean.com/wp-content/uploads/2014/01/wLesson-1-3.mp3
저,"I, me (formal)",https://www.howtostudykorean.com/wp-content/uploads/2014/01/wLesson-1-4.mp3
나,"I, me (informal)",https://www.howtostudykorean.com/wp-content/uploads/2014/01/wLesson-1-5.mp3
남자,man,https://www.howtostudykorean.com/wp-content/uploads/2014/01/wLesson-1-6.mp3
여자,woman,https://www.howtostudykorean.com/wp-content/uploads/2014/01/wLesson-1-7.mp3
이,this,https://www.howtostudykorean.com/wp-content/uploads/2014/01/wLesson-1-9.mp3
그,that,https://www.howtostudykorean.com/wp-content/uploads/2014/01/wLesson-1-8.mp3
저,that (when something is far away),https://www.howtostudykorean.com/wp-content/uploads/2014/01/wLesson-1-10.mp3
것,thing,https://www.howtostudykorean.com/wp-content/uploads/2014/01/wLesson-1-11.mp3
이것,this (thing),https://www.howtostudykorean.com/wp-content/uploads/2015/11/Lesson-1-v.mp3
그것,that (thing),https://www.howtostudykorean.com/wp-content/uploads/2015/11/Lesson-1-v2.mp3
저것,that (thing),https://www.howtostudykorean.com/wp-content/uploads/2015/11/Lesson-1-v3.mp3
의자,chair,https://www.howtostudykorean.com/wp-content/uploads/2014/01/wLesson-1-12.mp3
탁자,table,https://www.howtostudykorean.com/wp-content/uploads/2014/01/wLesson-1-13.mp3
선생님,teacher,https://www.howtostudykorean.com/wp-content/uploads/2014/01/wLesson-1-14.mp3
침대,bed,https://www.howtostudykorean.com/wp-content/uploads/2014/01/wLesson-1-15.mp3
집,house,https://www.howtostudykorean.com/wp-content/uploads/2014/01/wLesson-1-16.mp3
차,tea + car,https://www.howtostudykorean.com/wp-content/uploads/2014/01/wLesson-1-17.mp3
사람,person,https://www.howtostudykorean.com/wp-content/uploads/2014/01/wLesson-1-18.mp3
책,book,https://www.howtostudykorean.com/wp-content/uploads/2014/01/wLesson-1-19.mp3
컴퓨터,computer,https://www.howtostudykorean.com/wp-content/uploads/2014/01/wLesson-1-20.mp3
나무,tree/wood,https://www.howtostudykorean.com/wp-content/uploads/2014/01/wLesson-1-21.mp3
소파,sofa,https://www.howtostudykorean.com/wp-content/uploads/2014/01/wLesson-1-22.mp3
중국,China,https://www.howtostudykorean.com/wp-content/uploads/2014/01/wLesson-1-23.mp3
일본,Japan,https://www.howtostudykorean.com/wp-content/uploads/2014/01/wLesson-1-24.mp3
문,door,https://www.howtostudykorean.com/wp-content/uploads/2014/01/wLesson-1-25.mp3
의사,doctor,https://www.howtostudykorean.com/wp-content/uploads/2014/01/wLesson-1-26.mp3
학생,student,https://www.howtostudykorean.com/wp-content/uploads/2014/01/vLesson-7-3.mp3
이다,to be,https://www.howtostudykorean.com/wp-content/uploads/2014/01/wLesson-1-27.mp3
네,yes,https://www.howtostudykorean.com/wp-content/uploads/2014/01/wLesson-1-29.mp3
아니,no,https://www.howtostudykorean.com/wp-content/uploads/2014/01/wLesson-1-30.mp3
나라,country,https://www.howtostudykorean.com/wp-content/uploads/2014/01/wLesson-2-1.mp3
가방,bag/backpack,https://www.howtostudykorean.com/wp-content/uploads/2014/01/wLesson-2-2.mp3
창문,window,https://www.howtostudykorean.com/wp-content/uploads/2014/01/wLesson-2-3.mp3
잡지,magazine,https://www.howtostudykorean.com/wp-content/uploads/2014/02/Lesson2vocab-magazine.mp3
방,room,https://www.howtostudykorean.com/wp-content/uploads/2014/01/wLesson-2-5.mp3
냉장고,refrigerator,https://www.howtostudykorean.com/wp-content/uploads/2014/01/wLesson-2-6.mp3
개,dog,https://www.howtostudykorean.com/wp-content/uploads/2014/01/wLesson-2-7.mp3
강아지,puppy,https://www.howtostudykorean.com/wp-content/uploads/2014/01/wLesson-2-8.mp3
고양이,cat,https://www.howtostudykorean.com/wp-content/uploads/2014/01/wLesson-2-9.mp3
쥐,"rat, mouse",https://www.howtostudykorean.com/wp-content/uploads/2014/01/wLesson-2-10.mp3
펜,pen,https://www.howtostudykorean.com/wp-content/uploads/2014/01/wLesson-2-11.mp3
전화기,phone,https://www.howtostudykorean.com/wp-content/uploads/2014/01/wLesson-2-12.mp3
커피,coffee,https://www.howtostudykorean.com/wp-content/uploads/2014/01/wLesson-2-13.mp3
식당,restaurant,https://www.howtostudykorean.com/wp-content/uploads/2014/01/wLesson-2-14.mp3
건물,building,https://www.howtostudykorean.com/wp-content/uploads/2014/01/wLesson-2-15.mp3
텔레비전,television,https://www.howtostudykorean.com/wp-content/uploads/2014/01/wLesson-2-16.mp3
미국,USA,https://www.howtostudykorean.com/wp-content/uploads/2014/01/wLesson-2-17.mp3
캐나다,Canada,https://www.howtostudykorean.com/wp-content/uploads/2014/01/wLesson-2-18.mp3
호텔,hotel,https://www.howtostudykorean.com/wp-content/uploads/2014/01/wLesson-2-19.mp3
학교,school,https://www.howtostudykorean.com/wp-content/uploads/2014/01/wLesson-2-20.mp3
은행,bank,https://www.howtostudykorean.com/wp-content/uploads/2014/01/wLesson-2-21.mp3
안,inside,https://www.howtostudykorean.com/wp-content/uploads/2014/01/wLesson-2-22.mp3
위,on top,https://www.howtostudykorean.com/wp-content/uploads/2014/01/wLesson-2-23.mp3
밑,below,https://www.howtostudykorean.com/wp-content/uploads/2014/01/wLesson-2-24.mp3
옆,beside,https://www.howtostudykorean.com/wp-content/uploads/2014/01/wLesson-2-25.mp3
뒤,behind,https://www.howtostudykorean.com/wp-content/uploads/2014/01/wLesson-2-26.mp3
앞,in front,https://www.howtostudykorean.com/wp-content/uploads/2014/01/wLesson-2-27.mp3
여기,here,https://www.howtostudykorean.com/wp-content/uploads/2014/01/wLesson-2-28.mp3
있다,to be at a location,https://www.howtostudykorean.com/wp-content/uploads/2015/12/Lesson2vocabtobeat.mp3
있다,to have something,https://www.howtostudykorean.com/wp-content/uploads/2015/12/Lesson2vocabtobeat.mp3
음식,food,https://www.howtostudykorean.com/wp-content/uploads/2014/01/wLesson-3-1.mp3
케이크,cake,https://www.howtostudykorean.com/wp-content/uploads/2014/01/wLesson-3-2.mp3
공항,airport,https://www.howtostudykorean.com/wp-content/uploads/2014/01/wLesson-3-3.mp3
병원,hospital,https://www.howtostudykorean.com/wp-content/uploads/2014/01/wLesson-3-4.mp3
공원,park,https://www.howtostudykorean.com/wp-content/uploads/2014/01/wLesson-3-5.mp3
한국어,Korean (language),https://www.howtostudykorean.com/wp-content/uploads/2014/01/wLesson-3-6.mp3
머리,head,https://www.howtostudykorean.com/wp-content/uploads/2014/01/wLesson-3-7.mp3
다리,leg,https://www.howtostudykorean.com/wp-content/uploads/2014/01/wLesson-3-8.mp3
손가락,finger,https://www.howtostudykorean.com/wp-content/uploads/2014/01/wLesson-3-9.mp3
귀,ear,https://www.howtostudykorean.com/wp-content/uploads/2014/01/wLesson-3-10.mp3
팔,arm,https://www.howtostudykorean.com/wp-content/uploads/2014/01/wLesson-3-11.mp3
눈,eye,https://www.howtostudykorean.com/wp-content/uploads/2014/01/wLesson-3-12.mp3
입,"mouth, lips",https://www.howtostudykorean.com/wp-content/uploads/2014/01/wLesson-3-13.mp3
배,stomach,https://www.howtostudykorean.com/wp-content/uploads/2014/01/wLesson-3-14.mp3
버스,bus,https://www.howtostudykorean.com/wp-content/uploads/2014/01/wLesson-3-15.mp3
배,boat,https://www.howtostudykorean.com/wp-content/uploads/2014/01/wLesson-3-14.mp3
우리,us/we,https://www.howtostudykorean.com/wp-content/uploads/2015/11/Lesson-3-v1.mp3
먹다,to eat,https://www.howtostudykorean.com/wp-content/uploads/2014/01/wLesson-3-17.mp3
가다,to go,https://www.howtostudykorean.com/wp-content/uploads/2014/01/wLesson-3-18.mp3
만나다,to meet,https://www.howtostudykorean.com/wp-content/uploads/2014/01/wLesson-3-19.mp3
닫다,to close,https://www.howtostudykorean.com/wp-content/uploads/2014/01/wLesson-3-20.mp3
열다,to open,https://www.howtostudykorean.com/wp-content/uploads/2014/01/wLesson-3-21.mp3
원하다,to want (an object),https://www.howtostudykorean.com/wp-content/uploads/2014/01/wLesson-3-22.mp3
만들다,to make,https://www.howtostudykorean.com/wp-content/uploads/2014/01/wLesson-3-23.mp3
하다,to do,https://www.howtostudykorean.com/wp-content/uploads/2014/01/wLesson-3-24.mp3
말하다,to speak,https://www.howtostudykorean.com/wp-content/uploads/2014/01/wLesson-3-25.mp3
이해하다,to understand,https://www.howtostudykorean.com/wp-content/uploads/2014/01/wLesson-3-26.mp3
좋아하다,to like,https://www.howtostudykorean.com/wp-content/uploads/2014/01/wLesson-3-27.mp3
크다,to be big,https://www.howtostudykorean.com/wp-content/uploads/2014/01/wLesson-3-28.mp3
작다,to be small,https://www.howtostudykorean.com/wp-content/uploads/2014/01/wLesson-3-29.mp3
새롭다,to be new,https://www.howtostudykorean.com/wp-content/uploads/2014/01/wLesson-3-30.mp3
낡다,to be old (not age),https://www.howtostudykorean.com/wp-content/uploads/2014/01/wLesson-3-31.mp3
비싸다,to be expensive,https://www.howtostudykorean.com/wp-content/uploads/2014/01/wLesson-3-32.mp3
싸다,"to not be expensive, to be cheap",https://www.howtostudykorean.com/wp-content/uploads/2014/01/wLesson-3-33.mp3
아름답다,to be beautiful,https://www.howtostudykorean.com/wp-content/uploads/2014/01/wLesson-3-34.mp3
뚱뚱하다,"to be fat, to be chubby",https://www.howtostudykorean.com/wp-content/uploads/2014/01/wLesson-3-35.mp3
길다,to be long,https://www.howtostudykorean.com/wp-content/uploads/2014/01/wLesson-3-36.mp3
좋다,to be good,https://www.howtostudykorean.com/wp-content/uploads/2014/01/wLesson-3-37.mp3
아주,very,https://www.howtostudykorean.com/wp-content/uploads/2014/01/wLesson-3-38.mp3
매우,very,https://www.howtostudykorean.com/wp-content/uploads/2014/01/wLesson-3-39.mp3
너무,too (often used to mean ‘very’),https://www.howtostudykorean.com/wp-content/uploads/2014/01/wLesson-3-40.mp3
길,street,https://www.howtostudykorean.com/wp-content/uploads/2014/01/wLesson-4-1.mp3
거리,street/road,https://www.howtostudykorean.com/wp-content/uploads/2014/01/wLesson-4-2.mp3
손,hand,https://www.howtostudykorean.com/wp-content/uploads/2014/01/wLesson-4-4.mp3
영어,English,https://www.howtostudykorean.com/wp-content/uploads/2014/01/wLesson-4-5.mp3
택시,taxi,https://www.howtostudykorean.com/wp-content/uploads/2014/01/wLesson-4-6.mp3
열차,train,https://www.howtostudykorean.com/wp-content/uploads/2014/01/wLesson-4-7.mp3
역,train/subway station,https://www.howtostudykorean.com/wp-content/uploads/2014/01/wLesson-4-8.mp3
버스 정류장,bus stop,https://www.howtostudykorean.com/wp-content/uploads/2014/01/wLesson-4-9.mp3
비행기,airplane,https://www.howtostudykorean.com/wp-content/uploads/2014/01/wLesson-4-10.mp3
자전거,bicycle,https://www.howtostudykorean.com/wp-content/uploads/2014/01/wLesson-4-11.mp3
아내,wife,https://www.howtostudykorean.com/wp-content/uploads/2014/01/wLesson-4-12.mp3
아이,child,https://www.howtostudykorean.com/wp-content/uploads/2014/01/wLesson-4-13.mp3
아들,son,https://www.howtostudykorean.com/wp-content/uploads/2014/01/wLesson-4-14.mp3
딸,daughter,https://www.howtostudykorean.com/wp-content/uploads/2014/01/wLesson-4-15.mp3
남편,husband,https://www.howtostudykorean.com/wp-content/uploads/2014/01/wLesson-4-16.mp3
아버지,father,https://www.howtostudykorean.com/wp-content/uploads/2014/01/wLesson-4-17.mp3
어머니,mother,https://www.howtostudykorean.com/wp-content/uploads/2014/01/wLesson-4-18.mp3
편지,letter,https://www.howtostudykorean.com/wp-content/uploads/2014/01/wLesson-4-19.mp3
맛,taste,https://www.howtostudykorean.com/wp-content/uploads/2014/01/wLesson-4-20.mp3
식사,meal,https://www.howtostudykorean.com/wp-content/uploads/2014/01/wLesson-4-21.mp3
아침,morning,https://www.howtostudykorean.com/wp-content/uploads/2014/01/wLesson-4-22.mp3
아침식사,breakfast,https://www.howtostudykorean.com/wp-content/uploads/2014/01/wLesson-4-23.mp3
물,water,https://www.howtostudykorean.com/wp-content/uploads/2014/01/wLesson-4-24.mp3
사과,apple,https://www.howtostudykorean.com/wp-content/uploads/2014/01/wLesson-4-25.mp3
돈,money,https://www.howtostudykorean.com/wp-content/uploads/2015/02/Lesson-11-vocab-14.mp3
오다,to come,https://www.howtostudykorean.com/wp-content/uploads/2014/01/wLesson-4-26.mp3
끝내다,to finish,https://www.howtostudykorean.com/wp-content/uploads/2014/01/wLesson-4-27.mp3
춤추다,to dance,https://www.howtostudykorean.com/wp-content/uploads/2014/01/wLesson-4-28.mp3
알다,to know,https://www.howtostudykorean.com/wp-content/uploads/2014/01/wLesson-4-29.mp3
걷다,to walk,https://www.howtostudykorean.com/wp-content/uploads/2014/01/wLesson-4-30.mp3
배우다,to learn,https://www.howtostudykorean.com/wp-content/uploads/2014/01/wLesson-4-31.mp3
연습하다,to practice,https://www.howtostudykorean.com/wp-content/uploads/2014/01/wLesson-4-32.mp3
생각하다,to think,https://www.howtostudykorean.com/wp-content/uploads/2014/01/wLesson-4-33.mp3
살다,to live,https://www.howtostudykorean.com/wp-content/uploads/2014/01/wLesson-4-34.mp3
끝나다,to be finished,https://www.howtostudykorean.com/wp-content/uploads/2014/01/wLesson-4-35.mp3
위험하다,to be dangerous,https://www.howtostudykorean.com/wp-content/uploads/2014/01/wLesson-4-36.mp3
잘생기다,to be handsome,https://www.howtostudykorean.com/wp-content/uploads/2014/01/wLesson-4-37.mp3
못생기다,to be ugly,https://www.howtostudykorean.com/wp-content/uploads/2014/01/wLesson-4-38.mp3
피곤하다,to be tired,https://www.howtostudykorean.com/wp-content/uploads/2014/01/wLesson-4-39.mp3
다르다,to be different,https://www.howtostudykorean.com/wp-content/uploads/2014/01/wLesson-4-40.mp3
슬프다,to be sad,https://www.howtostudykorean.com/wp-content/uploads/2014/01/wLesson-4-41.mp3
맛있다,to be delicious,https://www.howtostudykorean.com/wp-content/uploads/2014/01/wLesson-4-42.mp3
재미있다,"to be fun, to be funny",https://www.howtostudykorean.com/wp-content/uploads/2014/01/wLesson-4-43.mp3
많다,"to be many of, to be a lot of",https://www.howtostudykorean.com/wp-content/uploads/2014/01/wLesson-4-44.mp3
행복하다,to be happy,https://www.howtostudykorean.com/wp-content/uploads/2014/01/wLesson-4-45.mp3
거기,there,https://www.howtostudykorean.com/wp-content/uploads/2014/01/wLesson-4-46.mp3
저기,there (when farther away),https://www.howtostudykorean.com/wp-content/uploads/2014/01/wLesson-4-47.mp3
지금,now,https://www.howtostudykorean.com/wp-content/uploads/2014/01/wLesson-4-48.mp3
하지만,but,https://www.howtostudykorean.com/wp-content/uploads/2014/01/wLesson-4-49.mp3
동생,younger sibling,https://www.howtostudykorean.com/wp-content/uploads/2015/11/Lesson-5-s1.mp3
남동생,younger brother,https://www.howtostudykorean.com/wp-content/uploads/2015/11/Lesson-5-s2.mp3
여동생,younger sister,https://www.howtostudykorean.com/wp-content/uploads/2015/11/Lesson-5-s3.mp3
형,older brother,https://www.howtostudykorean.com/wp-content/uploads/2014/01/wLesson-5-1.mp3
오빠,older brother,https://www.howtostudykorean.com/wp-content/uploads/2014/01/wLesson-5-2.mp3
누나,older sister,https://www.howtostudykorean.com/wp-content/uploads/2014/01/wLesson-5-3.mp3
언니,older sister,https://www.howtostudykorean.com/wp-content/uploads/2014/01/wLesson-5-4.mp3
삼촌,uncle,https://www.howtostudykorean.com/wp-content/uploads/2014/01/wLesson-5-5.mp3
이모,aunt (on mother’s side),https://www.howtostudykorean.com/wp-content/uploads/2014/01/wLesson-5-6.mp3
고모,aunt (on father’s side),https://www.howtostudykorean.com/wp-content/uploads/2014/01/wLesson-5-7.mp3
아저씨,older man not related to you,https://www.howtostudykorean.com/wp-content/uploads/2014/01/wLesson-5-8.mp3
아주머니,older woman not related to you,https://www.howtostudykorean.com/wp-content/uploads/2014/01/wLesson-5-9.mp3
할아버지,grandfather,https://www.howtostudykorean.com/wp-content/uploads/2014/01/wLesson-5-10.mp3
할머니,grandmother,https://www.howtostudykorean.com/wp-content/uploads/2014/01/wLesson-5-11.mp3
친구,friend,https://www.howtostudykorean.com/wp-content/uploads/2014/01/wLesson-5-12.mp3
사진,picture,https://www.howtostudykorean.com/wp-content/uploads/2014/01/wLesson-5-13.mp3
안경,glasses,https://www.howtostudykorean.com/wp-content/uploads/2014/01/wLesson-5-14.mp3
비밀,secret,https://www.howtostudykorean.com/wp-content/uploads/2014/01/wLesson-5-15.mp3
비,rain,https://www.howtostudykorean.com/wp-content/uploads/2014/01/wLesson-5-16.mp3
가게,store/shop,https://www.howtostudykorean.com/wp-content/uploads/2014/01/wLesson-5-17.mp3
박물관,museum,https://www.howtostudykorean.com/wp-content/uploads/2014/01/wLesson-5-18.mp3
가스 레인지,stove (gas range),https://www.howtostudykorean.com/wp-content/uploads/2014/01/wLesson-5-19.mp3
오리,duck (animal),https://www.howtostudykorean.com/wp-content/uploads/2014/01/wLesson-5-20.mp3
꼬리,tail,https://www.howtostudykorean.com/wp-content/uploads/2014/01/wLesson-5-21.mp3
공,ball,https://www.howtostudykorean.com/wp-content/uploads/2015/11/Lesson18v18.mp3
기대하다,to expect,https://www.howtostudykorean.com/wp-content/uploads/2014/01/wLesson-5-23.mp3
건너다,to cross (a road/etc),https://www.howtostudykorean.com/wp-content/uploads/2014/01/wLesson-5-24.mp3
던지다,to throw,https://www.howtostudykorean.com/wp-content/uploads/2014/01/wLesson-5-25.mp3
싫어하다,to not like,https://www.howtostudykorean.com/wp-content/uploads/2014/01/wLesson-5-27.mp3
떠나다,to leave somewhere,https://www.howtostudykorean.com/wp-content/uploads/2014/01/wLesson-5-28.mp3
농담하다,to joke,https://www.howtostudykorean.com/wp-content/uploads/2014/01/wLesson-5-29.mp3
공부하다,to study,https://www.howtostudykorean.com/wp-content/uploads/2014/01/vLesson-7-14.mp3
지루하다,to be boring,https://www.howtostudykorean.com/wp-content/uploads/2014/01/wLesson-5-30.mp3
마르다,for a person to be too thin,https://www.howtostudykorean.com/wp-content/uploads/2014/01/wLesson-5-31.mp3
멀다,to be far away,https://www.howtostudykorean.com/wp-content/uploads/2014/01/wLesson-5-33.mp3
마르다,to be dry,https://www.howtostudykorean.com/wp-content/uploads/2014/01/wLesson-5-31.mp3
비슷하다,to be similar,https://www.howtostudykorean.com/wp-content/uploads/2014/01/wLesson-5-35.mp3
싫다,to not be good,https://www.howtostudykorean.com/wp-content/uploads/2014/01/wLesson-5-36.mp3
오래되다,for an object to be old,https://www.howtostudykorean.com/wp-content/uploads/2014/01/wLesson-5-32.mp3
배고프다,to be hungry,https://www.howtostudykorean.com/wp-content/uploads/2016/01/Lesson27v45.mp3
오늘,today,https://www.howtostudykorean.com/wp-content/uploads/2014/01/wLesson-5-37.mp3
어제,yesterday,https://www.howtostudykorean.com/wp-content/uploads/2014/01/wLesson-5-45.mp3
내일,tomorrow,https://www.howtostudykorean.com/wp-content/uploads/2014/01/wLesson-5-46.mp3
모레,the day after tomorrow,https://www.howtostudykorean.com/wp-content/uploads/2014/01/wLesson-5-47.mp3
년,year,https://www.howtostudykorean.com/wp-content/uploads/2014/01/wLesson-5-48.mp3
일,day,https://www.howtostudykorean.com/wp-content/uploads/2014/01/wLesson-5-49.mp3
시간,time,https://www.howtostudykorean.com/wp-content/uploads/2014/01/wLesson-5-50.mp3
신발,shoe,https://www.howtostudykorean.com/wp-content/uploads/2014/01/vLesson-6-1.mp3
남방,shirt,https://www.howtostudykorean.com/wp-content/uploads/2014/01/vLesson-6-2.mp3
질문,question,https://www.howtostudykorean.com/wp-content/uploads/2014/01/vLesson-6-3.mp3
문제,"question, problem",https://www.howtostudykorean.com/wp-content/uploads/2014/01/vLesson-6-4.mp3
나이,age,https://www.howtostudykorean.com/wp-content/uploads/2014/01/vLesson-6-5.mp3
화장실,"bathroom, restroom",https://www.howtostudykorean.com/wp-content/uploads/2014/01/vLesson-6-6.mp3
부장님,boss,https://www.howtostudykorean.com/wp-content/uploads/2014/01/vLesson-6-7.mp3
분위기,the atmosphere of something,https://www.howtostudykorean.com/wp-content/uploads/2014/01/vLesson-6-8.mp3
차,tea,https://www.howtostudykorean.com/wp-content/uploads/2014/01/vLesson-6-9.mp3
바지,pants,https://www.howtostudykorean.com/wp-content/uploads/2014/01/vLesson-6-10.mp3
교실,classroom,https://www.howtostudykorean.com/wp-content/uploads/2014/01/vLesson-6-11.mp3
급식,food at school,https://www.howtostudykorean.com/wp-content/uploads/2014/01/vLesson-6-12.mp3
교감선생님,vice principal,https://www.howtostudykorean.com/wp-content/uploads/2014/01/vLesson-6-13.mp3
교장선생님,principal,https://www.howtostudykorean.com/wp-content/uploads/2014/01/vLesson-6-14.mp3
풀,glue,https://www.howtostudykorean.com/wp-content/uploads/2014/01/vLesson-6-15.mp3
수도,capital city,https://www.howtostudykorean.com/wp-content/uploads/2014/01/vLesson-6-16.mp3
병,bottle,https://www.howtostudykorean.com/wp-content/uploads/2014/01/vLesson-6-17.mp3
병,"disease, sickness",https://www.howtostudykorean.com/wp-content/uploads/2014/01/vLesson-6-17.mp3
생선,fish,https://www.howtostudykorean.com/wp-content/uploads/2014/01/vLesson-6-19.mp3
야채,vegetable,https://www.howtostudykorean.com/wp-content/uploads/2014/01/vLesson-6-20.mp3
언덕,hill,https://www.howtostudykorean.com/wp-content/uploads/2014/01/vLesson-6-21.mp3
선물,present,https://www.howtostudykorean.com/wp-content/uploads/2014/01/vLesson-6-22.mp3
기타,guitar,https://www.howtostudykorean.com/wp-content/uploads/2014/01/vLesson-6-23.mp3
종이,paper,https://www.howtostudykorean.com/wp-content/uploads/2014/01/vLesson-6-24.mp3
우유,milk,https://www.howtostudykorean.com/wp-content/uploads/2014/01/vLesson-6-25.mp3
손목,wrist,https://www.howtostudykorean.com/wp-content/uploads/2014/01/vLesson-6-26.mp3
시계,clock/watch,https://www.howtostudykorean.com/wp-content/uploads/2014/01/vLesson-6-27.mp3
손목시계,wristwatch,https://www.howtostudykorean.com/wp-content/uploads/2014/01/vLesson-6-28.mp3
영화,movie,https://www.howtostudykorean.com/wp-content/uploads/2014/01/vLesson-6-29.mp3
노력하다,to try,https://www.howtostudykorean.com/wp-content/uploads/2014/01/vLesson-6-30.mp3
앉다,to sit,https://www.howtostudykorean.com/wp-content/uploads/2014/01/vLesson-6-31.mp3
만지다,to touch,https://www.howtostudykorean.com/wp-content/uploads/2014/01/vLesson-6-32.mp3
자다,to sleep,https://www.howtostudykorean.com/wp-content/uploads/2014/01/vLesson-6-33.mp3
보다,to see,https://www.howtostudykorean.com/wp-content/uploads/2014/01/vLesson-6-35.mp3
기다리다,to wait,https://www.howtostudykorean.com/wp-content/uploads/2014/01/vLesson-6-36.mp3
청소하다,to clean,https://www.howtostudykorean.com/wp-content/uploads/2014/01/vLesson-6-37.mp3
약속하다,to promise,https://www.howtostudykorean.com/wp-content/uploads/2014/01/vLesson-6-38.mp3
듣다,to hear,https://www.howtostudykorean.com/wp-content/uploads/2014/01/vLesson-6-39.mp3
들어보다,to listen,https://www.howtostudykorean.com/wp-content/uploads/2014/01/vLesson-6-40.mp3
그만하다,to stop,https://www.howtostudykorean.com/wp-content/uploads/2014/01/vLesson-6-41.mp3
운동하다,to exercise,https://www.howtostudykorean.com/wp-content/uploads/2014/01/vLesson-6-42.mp3
놀라다,to be surprised,https://www.howtostudykorean.com/wp-content/uploads/2014/01/vLesson-6-43.mp3
빠르다,to be fast,https://www.howtostudykorean.com/wp-content/uploads/2014/01/vLesson-6-44.mp3
느리다,to be slow,https://www.howtostudykorean.com/wp-content/uploads/2014/01/vLesson-6-45.mp3
착하다,to be nice,https://www.howtostudykorean.com/wp-content/uploads/2014/01/vLesson-6-46.mp3
곧,soon,https://www.howtostudykorean.com/wp-content/uploads/2014/01/vLesson-6-47.mp3
항상,always,https://www.howtostudykorean.com/wp-content/uploads/2014/01/vLesson-6-48.mp3
주,week,https://www.howtostudykorean.com/wp-content/uploads/2014/01/vLesson-6-49.mp3
아래,bottom,https://www.howtostudykorean.com/wp-content/uploads/2014/01/vLesson-6-50.mp3
눈썹,eyebrow,https://www.howtostudykorean.com/wp-content/uploads/2014/01/vLesson-7-1.mp3
교사,teacher,https://www.howtostudykorean.com/wp-content/uploads/2014/01/vLesson-7-2.mp3
반,class of students in school,https://www.howtostudykorean.com/wp-content/uploads/2014/01/vLesson-7-4.mp3
직장,location of work,https://www.howtostudykorean.com/wp-content/uploads/2014/01/vLesson-7-5.mp3
벽,wall,https://www.howtostudykorean.com/wp-content/uploads/2014/01/vLesson-7-10.mp3
털,"hair (not on head), fur",https://www.howtostudykorean.com/wp-content/uploads/2014/01/vLesson-7-11.mp3
머리카락,hair (on head),https://www.howtostudykorean.com/wp-content/uploads/2014/01/vLesson-7-12.mp3
저녁,"dinner, evening",https://www.howtostudykorean.com/wp-content/uploads/2018/09/Lesson-7-8.mp3
점심,"lunch, noonish",https://www.howtostudykorean.com/wp-content/uploads/2018/09/Lesson7-9.mp3
옷,clothes,https://www.howtostudykorean.com/wp-content/uploads/2015/11/Lesson-7-v1.mp3
오전,morning,https://www.howtostudykorean.com/wp-content/uploads/2014/01/vLesson-7-39.mp3
오후,afternoon,https://www.howtostudykorean.com/wp-content/uploads/2014/01/vLesson-7-40.mp3
여름,summer,https://www.howtostudykorean.com/wp-content/uploads/2014/01/vLesson-7-42.mp3
가을,fall,https://www.howtostudykorean.com/wp-content/uploads/2014/01/vLesson-7-43.mp3
겨울,winter,https://www.howtostudykorean.com/wp-content/uploads/2014/01/vLesson-7-44.mp3
봄,spring,https://www.howtostudykorean.com/wp-content/uploads/2014/01/vLesson-7-45.mp3
찾다,"to search for, find",https://www.howtostudykorean.com/wp-content/uploads/2014/01/vLesson-7-13.mp3
가르치다,to teach,https://www.howtostudykorean.com/wp-content/uploads/2014/01/vLesson-7-15.mp3
일하다,to work,https://www.howtostudykorean.com/wp-content/uploads/2014/01/vLesson-7-16.mp3
짓다,to build,https://www.howtostudykorean.com/wp-content/uploads/2014/01/vLesson-7-17.mp3
가지다,"to own, to possess",https://www.howtostudykorean.com/wp-content/uploads/2014/01/vLesson-7-18.mp3
잠그다,to lock,https://www.howtostudykorean.com/wp-content/uploads/2014/01/vLesson-7-19.mp3
잊다,to forget,https://www.howtostudykorean.com/wp-content/uploads/2014/01/vLesson-7-20.mp3
돕다,to help,https://www.howtostudykorean.com/wp-content/uploads/2014/02/Lesson3Vocab-help.mp3
주다,to give,https://www.howtostudykorean.com/wp-content/uploads/2014/01/vLesson-7-21.mp3
맞다,to be correct,https://www.howtostudykorean.com/wp-content/uploads/2014/01/vLesson-7-36.mp3
쉽다,to be easy,https://www.howtostudykorean.com/wp-content/uploads/2014/01/vLesson-7-22.mp3
덥다,to be hot,https://www.howtostudykorean.com/wp-content/uploads/2014/01/vLesson-7-23.mp3
그립다,to miss (a thing),https://www.howtostudykorean.com/wp-content/uploads/2014/01/vLesson-7-24.mp3
귀엽다,to be cute,https://www.howtostudykorean.com/wp-content/uploads/2014/01/vLesson-7-25.mp3
춥다,to be cold,https://www.howtostudykorean.com/wp-content/uploads/2014/01/vLesson-7-26.mp3
어렵다,to be difficult,https://www.howtostudykorean.com/wp-content/uploads/2014/01/vLesson-7-27.mp3
더럽다,to be dirty,https://www.howtostudykorean.com/wp-content/uploads/2014/01/vLesson-7-28.mp3
바쁘다,to be busy,https://www.howtostudykorean.com/wp-content/uploads/2014/01/vLesson-7-29.mp3
같다,to be the same,https://www.howtostudykorean.com/wp-content/uploads/2014/01/vLesson-7-30.mp3
안전하다,to be safe,https://www.howtostudykorean.com/wp-content/uploads/2014/01/vLesson-7-31.mp3
딱딱하다,"to be hard, to be rigid",https://www.howtostudykorean.com/wp-content/uploads/2014/01/vLesson-7-32.mp3
부드럽다,to be soft,https://www.howtostudykorean.com/wp-content/uploads/2014/01/vLesson-7-33.mp3
가능하다,to be possible,https://www.howtostudykorean.com/wp-content/uploads/2014/01/vLesson-7-34.mp3
불가능하다,to be impossible,https://www.howtostudykorean.com/wp-content/uploads/2014/01/vLesson-7-35.mp3
예쁘다,to be pretty,https://www.howtostudykorean.com/wp-content/uploads/2015/02/Lesson-11-vocab-36.mp3
일찍,early,https://www.howtostudykorean.com/wp-content/uploads/2014/01/vLesson-7-38.mp3
매일,everyday,https://www.howtostudykorean.com/wp-content/uploads/2014/01/vLesson-7-41.mp3
기계,machine,https://www.howtostudykorean.com/wp-content/uploads/2014/01/vLesson-8.mp3
대학교,"college, university",https://www.howtostudykorean.com/wp-content/uploads/2014/01/vLesson-8-1.mp3
트럭,truck,https://www.howtostudykorean.com/wp-content/uploads/2014/01/vLesson-8-2.mp3
검은색,(the color) black,https://www.howtostudykorean.com/wp-content/uploads/2014/01/vLesson-8-3.mp3
흰색,(the color) white,https://www.howtostudykorean.com/wp-content/uploads/2014/02/Lesson8vocab-white.mp3
음료수,"beverage, drink",https://www.howtostudykorean.com/wp-content/uploads/2014/01/vLesson-8-4.mp3
외국,foreign country,https://www.howtostudykorean.com/wp-content/uploads/2014/01/vLesson-8-5.mp3
외국인,foreigner,https://www.howtostudykorean.com/wp-content/uploads/2014/01/vLesson-8-6.mp3
고등학교,high school,https://www.howtostudykorean.com/wp-content/uploads/2014/01/vLesson-8-7.mp3
도서관,library,https://www.howtostudykorean.com/wp-content/uploads/2014/01/vLesson-8-9.mp3
곳,place,https://www.howtostudykorean.com/wp-content/uploads/2014/01/vLesson-8-32.mp3
동시,same time,https://www.howtostudykorean.com/wp-content/uploads/2018/09/Lesson-8-12.mp3
밤,night,https://www.howtostudykorean.com/wp-content/uploads/2014/01/vLesson-8-33.mp3
어젯밤,last night,https://www.howtostudykorean.com/wp-content/uploads/2014/01/vLesson-8-34.mp3
낮,daytime,https://www.howtostudykorean.com/wp-content/uploads/2014/01/vLesson-8-37.mp3
동,East,https://www.howtostudykorean.com/wp-content/uploads/2014/02/Lesson8vocab-east.mp3
남,South,https://www.howtostudykorean.com/wp-content/uploads/2014/01/vLesson-8-38.mp3
서,West,https://www.howtostudykorean.com/wp-content/uploads/2014/02/Lesson8vocab-west.mp3
북,North,https://www.howtostudykorean.com/wp-content/uploads/2014/01/vLesson-8-39.mp3
놀다,to play,https://www.howtostudykorean.com/wp-content/uploads/2014/01/vLesson-8-10.mp3
쓰다,to use,https://www.howtostudykorean.com/wp-content/uploads/2014/01/vLesson-8-11.mp3
쓰다,to write,https://www.howtostudykorean.com/wp-content/uploads/2014/01/vLesson-8-11.mp3
실수하다,to make a mistake,https://www.howtostudykorean.com/wp-content/uploads/2015/12/Lesson8-14.mp3
수리하다,to repair,https://www.howtostudykorean.com/wp-content/uploads/2015/12/Lesson8-15.mp3
잡다,"to catch, to grab, to grasp",https://www.howtostudykorean.com/wp-content/uploads/2014/01/vLesson-8-15.mp3
읽다,to read,https://www.howtostudykorean.com/wp-content/uploads/2014/01/vLesson-8-16.mp3
내다,to pay for,https://www.howtostudykorean.com/wp-content/uploads/2014/01/vLesson-8-17.mp3
받다,"to get, to receive, to acquire",https://www.howtostudykorean.com/wp-content/uploads/2018/09/Lesson-8-28.mp3
도착하다,to arrive,https://www.howtostudykorean.com/wp-content/uploads/2014/01/vLesson-8-20.mp3
여행하다,to travel,https://www.howtostudykorean.com/wp-content/uploads/2015/12/Lesson8-21.mp3
완벽하다,to be perfect,https://www.howtostudykorean.com/wp-content/uploads/2014/01/vLesson-8-21.mp3
아프다,"to be sick, to be sore",https://www.howtostudykorean.com/wp-content/uploads/2014/02/Lesson8vocab-sick.mp3
똑똑하다,to be smart,https://www.howtostudykorean.com/wp-content/uploads/2014/01/vLesson-8-22.mp3
중요하다,to be important,https://www.howtostudykorean.com/wp-content/uploads/2014/01/vLesson-8-23.mp3
젊다,to be young,https://www.howtostudykorean.com/wp-content/uploads/2014/01/vLesson-8-24.mp3
늙다,to be old,https://www.howtostudykorean.com/wp-content/uploads/2014/01/vLesson-8-25.mp3
나쁘다,to be bad,https://www.howtostudykorean.com/wp-content/uploads/2015/12/Lesson8vocabbad.mp3
바로,immediately,https://www.howtostudykorean.com/wp-content/uploads/2014/01/vLesson-8-28.mp3
즉시,immediately,https://www.howtostudykorean.com/wp-content/uploads/2014/01/vLesson-8-27.mp3
빨리,quickly/fast,https://www.howtostudykorean.com/wp-content/uploads/2014/02/Lesson8vocab-quickly.mp3
자주,often,https://www.howtostudykorean.com/wp-content/uploads/2014/01/vLesson-8-29.mp3
가끔,sometimes,https://www.howtostudykorean.com/wp-content/uploads/2014/01/vLesson-8-30.mp3
많이,many/a lot of,https://www.howtostudykorean.com/wp-content/uploads/2014/01/vLesson-8-31.mp3
방금,a moment ago,https://www.howtostudykorean.com/wp-content/uploads/2014/02/Lesson8vocab-amoment.mp3
갑자기,suddenly,https://www.howtostudykorean.com/wp-content/uploads/2014/02/Lesson8vocab-suddenly.mp3
매년,every year,https://www.howtostudykorean.com/wp-content/uploads/2014/01/vLesson-8-35.mp3
다시,again,https://www.howtostudykorean.com/wp-content/uploads/2014/01/vLesson-8-36.mp3
혼자,alone,https://www.howtostudykorean.com/wp-content/uploads/2014/02/Lesson8vocab-alone.mp3
안,not,https://www.howtostudykorean.com/wp-content/uploads/2014/01/wLesson-1-28.mp3
공장,factory,https://www.howtostudykorean.com/wp-content/uploads/2015/02/Lesson-11-vocab-1.mp3
열,fever,https://www.howtostudykorean.com/wp-content/uploads/2015/02/Lesson-11-vocab-2.mp3
극장,theater,https://www.howtostudykorean.com/wp-content/uploads/2015/02/Lesson-11-vocab-3.mp3
회사,company,https://www.howtostudykorean.com/wp-content/uploads/2015/02/Lesson-11-vocab-4.mp3
장소,place/location,https://www.howtostudykorean.com/wp-content/uploads/2015/02/Lesson-11-vocab-5.mp3
간판,a sign,https://www.howtostudykorean.com/wp-content/uploads/2015/02/Lesson-11-vocab-6.mp3
직업,job,https://www.howtostudykorean.com/wp-content/uploads/2015/02/Lesson-11-vocab-7.mp3
수업,a class (that you 'take' or 'teach'),https://www.howtostudykorean.com/wp-content/uploads/2015/02/Lesson-11-vocab-8.mp3
고기,meat,https://www.howtostudykorean.com/wp-content/uploads/2015/02/Lesson-11-vocab-9.mp3
돼지,pig,https://www.howtostudykorean.com/wp-content/uploads/2015/02/Lesson-11-vocab-10.mp3
돼지고기,pork,https://www.howtostudykorean.com/wp-content/uploads/2015/02/Lesson-11-vocab-11.mp3
소,cow,https://www.howtostudykorean.com/wp-content/uploads/2015/02/Lesson-11-vocab-12.mp3
소고기,beef,https://www.howtostudykorean.com/wp-content/uploads/2015/02/Lesson-11-vocab-13.mp3
꽃,flowers,https://www.howtostudykorean.com/wp-content/uploads/2015/02/Lesson-11-vocab-15.mp3
값,price,https://www.howtostudykorean.com/wp-content/uploads/2015/02/Lesson-11-vocab-16.mp3
땅콩,peanut,https://www.howtostudykorean.com/wp-content/uploads/2015/02/Lesson-11-vocab-17.mp3
축구(하다),(to play) soccer,https://www.howtostudykorean.com/wp-content/uploads/2015/02/Lesson-11-vocab-18.mp3
야구(하다),(to play) baseball,https://www.howtostudykorean.com/wp-content/uploads/2015/02/Lesson-11-vocab-19.mp3
여권,passport,https://www.howtostudykorean.com/wp-content/uploads/2015/02/Lesson-11-vocab-20.mp3
수건,towel,https://www.howtostudykorean.com/wp-content/uploads/2015/02/Lesson-11-vocab-21.mp3
체육,physical education,https://www.howtostudykorean.com/wp-content/uploads/2015/02/Lesson-11-vocab-22.mp3
지하철,subway,https://www.howtostudykorean.com/wp-content/uploads/2015/02/Lesson-11-vocab-23.mp3
미래,future,https://www.howtostudykorean.com/wp-content/uploads/2015/02/Lesson-11-vocab-37.mp3
되다,to become,https://www.howtostudykorean.com/wp-content/uploads/2015/02/Lesson-11-vocab-24.mp3
시작하다,to start,https://www.howtostudykorean.com/wp-content/uploads/2015/02/Lesson-11-vocab-25.mp3
행동하다,to act,https://www.howtostudykorean.com/wp-content/uploads/2015/02/Lesson-11-vocab-26.mp3
소개하다,to introduce,https://www.howtostudykorean.com/wp-content/uploads/2015/02/Lesson-11-vocab-27.mp3
발견하다,"to discover, to find",https://www.howtostudykorean.com/wp-content/uploads/2015/02/Lesson-11-vocab-28.mp3
방문하다,to visit,https://www.howtostudykorean.com/wp-content/uploads/2015/02/Lesson-11-vocab-29.mp3
잃다,to lose,https://www.howtostudykorean.com/wp-content/uploads/2015/02/Lesson-11-vocab-30.mp3
잃어버리다,to lose,https://www.howtostudykorean.com/wp-content/uploads/2015/02/Lesson-11-vocab-31.mp3
입다,"to put on one's clothes, to wear",https://www.howtostudykorean.com/wp-content/uploads/2018/11/32.mp3
벗다,to take off one's clothes,https://www.howtostudykorean.com/wp-content/uploads/2015/02/Lesson-11-vocab-32.mp3
웃다,to laugh,https://www.howtostudykorean.com/wp-content/uploads/2015/02/Lesson-11-vocab-33.mp3
부끄럽다,to be shy,https://www.howtostudykorean.com/wp-content/uploads/2015/02/Lesson-11-vocab-34.mp3
건강하다,to be healthy,https://www.howtostudykorean.com/wp-content/uploads/2015/02/Lesson-11-vocab-35.mp3
이제,now,https://www.howtostudykorean.com/wp-content/uploads/2015/02/Lesson-11-vocab-38.mp3
현재,now/present,https://www.howtostudykorean.com/wp-content/uploads/2015/02/Lesson-11-vocab-39.mp3
처음,the first time/beginning,https://www.howtostudykorean.com/wp-content/uploads/2015/11/Lesson10v30.mp3
마지막,last,https://www.howtostudykorean.com/wp-content/uploads/2015/11/Lesson10v31.mp3
번째,counter for 1st/2nd/3rd/etc..,https://www.howtostudykorean.com/wp-content/uploads/2015/11/Lesson10v32.mp3
첫 번째,first (1st),https://www.howtostudykorean.com/wp-content/uploads/2015/11/Lesson10v33.mp3
두 번째,second (2nd),https://www.howtostudykorean.com/wp-content/uploads/2015/11/Lesson10v34.mp3
개,counter for things,https://www.howtostudykorean.com/wp-content/uploads/2015/11/Lesson10v35.mp3
번,counter for behaviors/actions,https://www.howtostudykorean.com/wp-content/uploads/2015/11/Lesson10v36.mp3
명,counter for people,https://www.howtostudykorean.com/wp-content/uploads/2015/11/Lesson10v37.mp3
대,counter for automobiles,https://www.howtostudykorean.com/wp-content/uploads/2015/11/Lesson10v38.mp3
잔,counter for a ‘glass’ of ____,https://www.howtostudykorean.com/wp-content/uploads/2015/11/Lesson10v39.mp3
시,“o’clock”,https://www.howtostudykorean.com/wp-content/uploads/2015/11/Lesson10v40.mp3
분,minute,https://www.howtostudykorean.com/wp-content/uploads/2015/11/Lesson10v41.mp3
초,second,https://www.howtostudykorean.com/wp-content/uploads/2015/11/Lesson10v42.mp3
살,years old,https://www.howtostudykorean.com/wp-content/uploads/2015/11/Lesson10v43.mp3
기회,chance/opportunity,https://www.howtostudykorean.com/wp-content/uploads/2015/11/Lesson11v1.mp3
계획,plans,https://www.howtostudykorean.com/wp-content/uploads/2015/11/Lesson11v2.mp3
회사원,office worker,https://www.howtostudykorean.com/wp-content/uploads/2015/11/Lesson11v3.mp3
요리사,a cook/chef,https://www.howtostudykorean.com/wp-content/uploads/2015/11/Lesson11v4.mp3
운전사,a driver,https://www.howtostudykorean.com/wp-content/uploads/2015/11/Lesson11v5.mp3
달리다,to run,https://www.howtostudykorean.com/wp-content/uploads/2015/11/Lesson11v6.mp3
요리하다,to cook,https://www.howtostudykorean.com/wp-content/uploads/2015/11/Lesson11v7.mp3
운전하다,to drive,https://www.howtostudykorean.com/wp-content/uploads/2015/11/Lesson11v8.mp3
죽다,to die,https://www.howtostudykorean.com/wp-content/uploads/2015/11/Lesson11v9.mp3
두렵다,to be scared,https://www.howtostudykorean.com/wp-content/uploads/2015/11/Lesson11v10.mp3
이상하다,to be strange,https://www.howtostudykorean.com/wp-content/uploads/2015/11/Lesson11v11.mp3
동안,"for, during, while",https://www.howtostudykorean.com/wp-content/uploads/2015/11/Lesson11v12.mp3
달,month,https://www.howtostudykorean.com/wp-content/uploads/2015/11/Lesson11v13.mp3
개월,month,https://www.howtostudykorean.com/wp-content/uploads/2015/11/Lesson11v14.mp3
날,day,https://www.howtostudykorean.com/wp-content/uploads/2015/11/Lesson11nal.mp3
하루,one day,https://www.howtostudykorean.com/wp-content/uploads/2015/11/Lesson11v15.mp3
이틀,two days,https://www.howtostudykorean.com/wp-content/uploads/2015/11/Lesson11v16.mp3
사흘,three days,https://www.howtostudykorean.com/wp-content/uploads/2015/11/Lesson11v17.mp3
지난 주,last week,https://www.howtostudykorean.com/wp-content/uploads/2015/11/Lesson11v18.mp3
지난 달,last month,https://www.howtostudykorean.com/wp-content/uploads/2015/11/Lesson11v19.mp3
이번 주,this week,https://www.howtostudykorean.com/wp-content/uploads/2015/11/Lesson11v20.mp3
이번 달 ,this month,https://www.howtostudykorean.com/wp-content/uploads/2015/11/Lesson11v21.mp3
다음 주,next week,https://www.howtostudykorean.com/wp-content/uploads/2015/11/Lesson11v22.mp3
다음 달,next month,https://www.howtostudykorean.com/wp-content/uploads/2015/11/Lesson11v23.mp3
작년,last year,https://www.howtostudykorean.com/wp-content/uploads/2015/11/Lesson11v24.mp3
올해,this year,https://www.howtostudykorean.com/wp-content/uploads/2015/11/Lesson11v25.mp3
내년,next year,https://www.howtostudykorean.com/wp-content/uploads/2015/11/Lesson11v26.mp3
평생 (동안),in my whole life,https://www.howtostudykorean.com/wp-content/uploads/2015/11/Lesson11v27.mp3
보통,usually,https://www.howtostudykorean.com/wp-content/uploads/2015/11/Lesson11v28.mp3
점원,store assistant,https://www.howtostudykorean.com/wp-content/uploads/2015/11/Lesson12v1.mp3
배우,actor,https://www.howtostudykorean.com/wp-content/uploads/2015/11/Lesson12v2.mp3
목,neck/throat,https://www.howtostudykorean.com/wp-content/uploads/2015/11/Lesson12v3.mp3
소리,noise/sound,https://www.howtostudykorean.com/wp-content/uploads/2015/11/Lesson12v4.mp3
목소리,voice,https://www.howtostudykorean.com/wp-content/uploads/2015/11/Lesson12v5.mp3
의미,meaning,https://www.howtostudykorean.com/wp-content/uploads/2015/11/Lesson12v6.mp3
상황 ,situation,https://www.howtostudykorean.com/wp-content/uploads/2015/11/Lesson12v7.mp3
닭,chicken,https://www.howtostudykorean.com/wp-content/uploads/2015/11/Lesson12v8.mp3
문장,sentence,https://www.howtostudykorean.com/wp-content/uploads/2015/11/Lesson12v9.mp3
기름,oil/grease/gasoline,https://www.howtostudykorean.com/wp-content/uploads/2015/11/Lesson12v10.mp3
그들,them,https://www.howtostudykorean.com/wp-content/uploads/2015/11/Lesson12v11.mp3
생활,lifestyle/life,https://www.howtostudykorean.com/wp-content/uploads/2015/11/Lesson12v12.mp3
속삭이다,to whisper,https://www.howtostudykorean.com/wp-content/uploads/2015/11/Lesson12v13.mp3
복습하다 ,"to review, to re-study",https://www.howtostudykorean.com/wp-content/uploads/2015/11/Lesson12v14.mp3
바꾸다,to change,https://www.howtostudykorean.com/wp-content/uploads/2015/11/Lesson12v15.mp3
유학하다,to study abroad,https://www.howtostudykorean.com/wp-content/uploads/2015/11/Lesson12v16.mp3
넘어지다,to fall,https://www.howtostudykorean.com/wp-content/uploads/2015/11/Lesson12v17.mp3
독서하다,to read a book,https://www.howtostudykorean.com/wp-content/uploads/2015/11/Lesson12v18.mp3
출발하다,to depart,https://www.howtostudykorean.com/wp-content/uploads/2015/11/Lesson12v19.mp3
마시다,to drink,https://www.howtostudykorean.com/wp-content/uploads/2015/11/Lesson12v20.mp3
내리다,"to get off, to go down, to come down",https://www.howtostudykorean.com/wp-content/uploads/2015/11/Lesson12v21.mp3
나오다,to come out,https://www.howtostudykorean.com/wp-content/uploads/2015/11/Lesson12v22.mp3
나가다,to go out,https://www.howtostudykorean.com/wp-content/uploads/2015/11/Lesson12v23.mp3
쓰다,to cover one's head,https://www.howtostudykorean.com/wp-content/uploads/2015/11/Lesson12v24.mp3
모르다,to not know,https://www.howtostudykorean.com/wp-content/uploads/2015/11/Lesson12v25.mp3
신청하다,to apply,https://www.howtostudykorean.com/wp-content/uploads/2015/11/Lesson12v26.mp3
사다,to buy,https://www.howtostudykorean.com/wp-content/uploads/2015/11/Lesson12v27.mp3
팔다,to sell,https://www.howtostudykorean.com/wp-content/uploads/2015/11/Lesson12v28.mp3
얇다,to be thin,https://www.howtostudykorean.com/wp-content/uploads/2015/11/Lesson12v29.mp3
적당하다,to be moderate,https://www.howtostudykorean.com/wp-content/uploads/2015/11/Lesson12v30.mp3
어리다,to be young,https://www.howtostudykorean.com/wp-content/uploads/2015/11/Lesson12v31.mp3
기쁘다,to be glad,https://www.howtostudykorean.com/wp-content/uploads/2015/11/Lesson12v32.mp3
꽤,fairly/quite,https://www.howtostudykorean.com/wp-content/uploads/2015/11/Lesson12v33.mp3
때,"time, when",https://www.howtostudykorean.com/wp-content/uploads/2015/11/Lesson12v34.mp3
그때,at that time,https://www.howtostudykorean.com/wp-content/uploads/2015/11/Lesson12v35.mp3
쪽,side/direction,https://www.howtostudykorean.com/wp-content/uploads/2015/11/Lesson12v36.mp3
열심히,‘hard/well’ (study hard),https://www.howtostudykorean.com/wp-content/uploads/2015/11/Lesson12v37.mp3
완전히 ,"perfectly, completely",https://www.howtostudykorean.com/wp-content/uploads/2015/11/Lesson12v38.mp3
몇,"some ____, how many (used with a counter)",https://www.howtostudykorean.com/wp-content/uploads/2015/11/Lesson12v39.mp3
층,floor,https://www.howtostudykorean.com/wp-content/uploads/2015/11/Lesson12v40.mp3
사실 ,fact,https://www.howtostudykorean.com/wp-content/uploads/2015/11/Lesson13v1.mp3
약,medicine,https://www.howtostudykorean.com/wp-content/uploads/2015/11/Lesson13v2.mp3
음악,music,https://www.howtostudykorean.com/wp-content/uploads/2015/11/Lesson13v3.mp3
하늘,sky,https://www.howtostudykorean.com/wp-content/uploads/2015/11/Lesson13v4.mp3
땅,land,https://www.howtostudykorean.com/wp-content/uploads/2015/11/Lesson13v5.mp3
지하,underground,https://www.howtostudykorean.com/wp-content/uploads/2015/11/Lesson13v6.mp3
빵,bread,https://www.howtostudykorean.com/wp-content/uploads/2015/11/Lesson13v7.mp3
쓰레기,trash/garbage,https://www.howtostudykorean.com/wp-content/uploads/2015/11/Lesson13v8.mp3
회계사,accountant,https://www.howtostudykorean.com/wp-content/uploads/2015/11/Lesson13v9.mp3
녹차,green tea,https://www.howtostudykorean.com/wp-content/uploads/2015/11/Lesson13v10.mp3
이,teeth,https://www.howtostudykorean.com/wp-content/uploads/2015/11/Lesson13v11.mp3
정부,government,https://www.howtostudykorean.com/wp-content/uploads/2015/11/Lesson13v12.mp3
성격,personality,https://www.howtostudykorean.com/wp-content/uploads/2015/11/Lesson13v13.mp3
온도,temperature,https://www.howtostudykorean.com/wp-content/uploads/2015/11/Lesson13v14.mp3
커튼,curtains,https://www.howtostudykorean.com/wp-content/uploads/2015/11/Lesson13v15.mp3
숨,breath,https://www.howtostudykorean.com/wp-content/uploads/2015/11/Lesson13v16.mp3
축하하다,to congratulate,https://www.howtostudykorean.com/wp-content/uploads/2015/11/Lesson13v17.mp3
일어나다,"to rise, to get up",https://www.howtostudykorean.com/wp-content/uploads/2015/11/Lesson13v18.mp3
준비하다,"to prepare, to get ready",https://www.howtostudykorean.com/wp-content/uploads/2015/11/Lesson13v19.mp3
들어오다,to come in,https://www.howtostudykorean.com/wp-content/uploads/2015/11/Lesson13v21.mp3
들어가다,to go in,https://www.howtostudykorean.com/wp-content/uploads/2015/11/Lesson13v22.mp3
입장하다,to enter (the verb form of 'admission',https://www.howtostudykorean.com/wp-content/uploads/2015/11/Lesson13v23.mp3
숨쉬다,to breathe,https://www.howtostudykorean.com/wp-content/uploads/2015/11/Lesson13v24.mp3
흥미롭다,to be interesting,https://www.howtostudykorean.com/wp-content/uploads/2015/11/Lesson13v25.mp3
늦다,to be late,https://www.howtostudykorean.com/wp-content/uploads/2015/11/Lesson13v26.mp3
시원하다,"to be cool, to be relaxing",https://www.howtostudykorean.com/wp-content/uploads/2015/11/Lesson13v27.mp3
질투하다,to be jealous,https://www.howtostudykorean.com/wp-content/uploads/2015/11/Lesson13v28.mp3
맵다,to be spicy,https://www.howtostudykorean.com/wp-content/uploads/2015/11/Lesson13v29.mp3
죄송하다,to be sorry,https://www.howtostudykorean.com/wp-content/uploads/2015/11/Lesson13v30.mp3
미안하다,to be sorry,https://www.howtostudykorean.com/wp-content/uploads/2015/11/Lesson13v31.mp3
무겁다,to be heavy,https://www.howtostudykorean.com/wp-content/uploads/2015/11/Lesson13v32.mp3
가볍다,to be light,https://www.howtostudykorean.com/wp-content/uploads/2015/11/Lesson13v33.mp3
유명하다,"to be popular, to be famous",https://www.howtostudykorean.com/wp-content/uploads/2015/11/Lesson13v34.mp3
익숙하다 ,to be familiar with something,https://www.howtostudykorean.com/wp-content/uploads/2015/11/Lesson13v20.mp3
요즘,these days,https://www.howtostudykorean.com/wp-content/uploads/2015/11/Lesson13v35.mp3
같이,together,https://www.howtostudykorean.com/wp-content/uploads/2015/11/Lesson13v36.mp3
냄새 (나다),smell,https://www.howtostudykorean.com/wp-content/uploads/2015/11/Lesson14v1.mp3
청소기,vacuum cleaner,https://www.howtostudykorean.com/wp-content/uploads/2015/11/Lesson14v2.mp3
얼굴,face,https://www.howtostudykorean.com/wp-content/uploads/2015/11/Lesson14v3.mp3
시장,market,https://www.howtostudykorean.com/wp-content/uploads/2015/11/Lesson14v4.mp3
몸,body,https://www.howtostudykorean.com/wp-content/uploads/2015/11/Lesson14v5.mp3
불,light/fire,https://www.howtostudykorean.com/wp-content/uploads/2015/11/Lesson14v6.mp3
숙제,homework,https://www.howtostudykorean.com/wp-content/uploads/2015/11/Lesson14v7.mp3
기억,memory,https://www.howtostudykorean.com/wp-content/uploads/2015/11/Lesson14v8.mp3
상자,box,https://www.howtostudykorean.com/wp-content/uploads/2015/11/Lesson14v9.mp3
바람,wind,https://www.howtostudykorean.com/wp-content/uploads/2015/11/Lesson14v10.mp3
세금,tax,https://www.howtostudykorean.com/wp-content/uploads/2015/11/Lesson14v11.mp3
켜다,to turn on,https://www.howtostudykorean.com/wp-content/uploads/2015/11/Lesson14v12.mp3
끄다,to turn off,https://www.howtostudykorean.com/wp-content/uploads/2015/11/Lesson14v13.mp3
숨다,to hide oneself,https://www.howtostudykorean.com/wp-content/uploads/2015/11/Lesson14v14.mp3
숨기다,to hide an object,https://www.howtostudykorean.com/wp-content/uploads/2015/11/Lesson14v15.mp3
고장내다,to break,https://www.howtostudykorean.com/wp-content/uploads/2015/11/Lesson14v16.mp3
놓다,to lay an object down,https://www.howtostudykorean.com/wp-content/uploads/2015/11/Lesson14v17.mp3
눕다,to lie down,https://www.howtostudykorean.com/wp-content/uploads/2015/11/Lesson14v18.mp3
존경하다,to respect,https://www.howtostudykorean.com/wp-content/uploads/2015/11/Lesson14v19.mp3
대체하다,to replace,https://www.howtostudykorean.com/wp-content/uploads/2015/11/Lesson14v20.mp3
제공하다,"to provide, to offer",https://www.howtostudykorean.com/wp-content/uploads/2015/11/Lesson14v21.mp3
포함하다,to include,https://www.howtostudykorean.com/wp-content/uploads/2015/11/Lesson14v22.mp3
내다,to make something come up/arise/occur,https://www.howtostudykorean.com/wp-content/uploads/2015/11/Lesson14v23.mp3
싸우다,to fight,https://www.howtostudykorean.com/wp-content/uploads/2015/11/Lesson14v24.mp3
속이다,to trick somebody,https://www.howtostudykorean.com/wp-content/uploads/2015/11/Lesson14v25.mp3
감동하다,to impress,https://www.howtostudykorean.com/wp-content/uploads/2015/11/Lesson14v26.mp3
서다,to stand,https://www.howtostudykorean.com/wp-content/uploads/2015/11/Lesson14v27.mp3
잠기다 ,to be locked,https://www.howtostudykorean.com/wp-content/uploads/2015/11/Lesson14v28.mp3
켜지다,to be turned on,https://www.howtostudykorean.com/wp-content/uploads/2015/11/Lesson14v29.mp3
꺼지다,to be turned off,https://www.howtostudykorean.com/wp-content/uploads/2015/12/Lesson14break.mp3
나다,to have something you didn’t have,https://www.howtostudykorean.com/wp-content/uploads/2015/11/Lesson14v30.mp3
고장나다,to be broken,https://www.howtostudykorean.com/wp-content/uploads/2015/11/Lesson14v31.mp3
화나다,to be mad,https://www.howtostudykorean.com/wp-content/uploads/2015/11/Lesson14v32.mp3
짜증나다,to be annoyed,https://www.howtostudykorean.com/wp-content/uploads/2015/11/Lesson14v33.mp3
놓이다,for an object to be lying down,https://www.howtostudykorean.com/wp-content/uploads/2015/11/Lesson14v34.mp3
열리다,to be open,https://www.howtostudykorean.com/wp-content/uploads/2015/11/Lesson14v35.mp3
닫히다 ,to be closed,https://www.howtostudykorean.com/wp-content/uploads/2015/11/Lesson14v36.mp3
속다,to be tricked,https://www.howtostudykorean.com/wp-content/uploads/2015/11/Lesson14v37.mp3
자꾸,repeatedly,https://www.howtostudykorean.com/wp-content/uploads/2015/11/Lesson14v38.mp3
잠,sleep,https://www.howtostudykorean.com/wp-content/uploads/2015/11/Lesson15v1.mp3
모자,hat,https://www.howtostudykorean.com/wp-content/uploads/2015/11/Lesson15v2.mp3
줄,"line, string, rope, queue",https://www.howtostudykorean.com/wp-content/uploads/2015/12/Lesson15vocabline.mp3
감기,a cold,https://www.howtostudykorean.com/wp-content/uploads/2015/11/Lesson15v4.mp3
기침,cough,https://www.howtostudykorean.com/wp-content/uploads/2015/11/Lesson15v5.mp3
설사,diarrhea,https://www.howtostudykorean.com/wp-content/uploads/2015/11/Lesson15v6.mp3
독감,the flu,https://www.howtostudykorean.com/wp-content/uploads/2015/11/Lesson15v7.mp3
재채기,sneeze,https://www.howtostudykorean.com/wp-content/uploads/2015/11/Lesson15v8.mp3
동아리,a club in school or university,https://www.howtostudykorean.com/wp-content/uploads/2015/11/Lesson15v9.mp3
취미,hobby,https://www.howtostudykorean.com/wp-content/uploads/2015/11/Lesson15v10.mp3
수학,math,https://www.howtostudykorean.com/wp-content/uploads/2015/11/Lesson15v11.mp3
가족,family,https://www.howtostudykorean.com/wp-content/uploads/2015/11/Lesson15v12.mp3
실력,skills,https://www.howtostudykorean.com/wp-content/uploads/2015/11/Lesson15v13.mp3
사촌,cousin,https://www.howtostudykorean.com/wp-content/uploads/2015/11/Lesson15v14.mp3
삶,life,https://www.howtostudykorean.com/wp-content/uploads/2015/11/Lesson15v15.mp3
맥주,beer,https://www.howtostudykorean.com/wp-content/uploads/2015/11/Lesson15v16.mp3
과거,past,https://www.howtostudykorean.com/wp-content/uploads/2015/11/Lesson15v17.mp3
마음,one’s heart/mind,https://www.howtostudykorean.com/wp-content/uploads/2015/11/Lesson15v18.mp3
그림,"picture, painting",https://www.howtostudykorean.com/wp-content/uploads/2016/09/Lesson15vpicture.mp3
속 ,inside,https://www.howtostudykorean.com/wp-content/uploads/2015/11/Lesson15v46.mp3
들다,"to lift, to carry, to hold",https://www.howtostudykorean.com/wp-content/uploads/2015/11/Lesson15v19.mp3
들다,"to enter, to go into",https://www.howtostudykorean.com/wp-content/uploads/2015/11/Lesson15v20.mp3
가져오다,to bring an object,https://www.howtostudykorean.com/wp-content/uploads/2015/11/Lesson15v21.mp3
가져가다,to bring/take an object,https://www.howtostudykorean.com/wp-content/uploads/2015/11/Lesson15v22.mp3
돌리다,"to turn, to run a machine, to hand out",https://www.howtostudykorean.com/wp-content/uploads/2015/11/Lesson15v23.mp3
돌다,"to turn oneself, to rotate oneself",https://www.howtostudykorean.com/wp-content/uploads/2015/11/Lesson15v24.mp3
돌아보다,to look back,https://www.howtostudykorean.com/wp-content/uploads/2015/11/Lesson15v25.mp3
돌아가다,"to go back, to return",https://www.howtostudykorean.com/wp-content/uploads/2015/11/Lesson15v26.mp3
돌아오다 ,"to come back, to return",https://www.howtostudykorean.com/wp-content/uploads/2015/11/Lesson15v27.mp3
돌려주다,to give back,https://www.howtostudykorean.com/wp-content/uploads/2015/11/Lesson15v28.mp3
걸다,to hang,https://www.howtostudykorean.com/wp-content/uploads/2015/11/Lesson15v29.mp3
주문하다,to order,https://www.howtostudykorean.com/wp-content/uploads/2015/11/Lesson15v30.mp3
결혼하다 ,to get married,https://www.howtostudykorean.com/wp-content/uploads/2015/11/Lesson15v31.mp3
부르다,to call out,https://www.howtostudykorean.com/wp-content/uploads/2015/11/Lesson15v32.mp3
고르다,"to choose, to pick",https://www.howtostudykorean.com/wp-content/uploads/2015/11/Lesson15v33.mp3
넣다,"to insert, to put inside",https://www.howtostudykorean.com/wp-content/uploads/2015/11/Lesson15v34.mp3
경험하다,to experience,https://www.howtostudykorean.com/wp-content/uploads/2015/11/Lesson15v35.mp3
설명하다,to explain,https://www.howtostudykorean.com/wp-content/uploads/2015/11/Lesson15v36.mp3
자랑하다,to show off,https://www.howtostudykorean.com/wp-content/uploads/2015/11/Lesson15v37.mp3
걸리다,to be hanging,https://www.howtostudykorean.com/wp-content/uploads/2015/11/Lesson15v38.mp3
걸리다,"to be caught, to be stuck, to be trapped",https://www.howtostudykorean.com/wp-content/uploads/2015/11/Lesson15v38.mp3
걸리다,to catch a cold/sickness,https://www.howtostudykorean.com/wp-content/uploads/2015/11/Lesson15v38.mp3
걸리다,to “take” a certain amount of time,https://www.howtostudykorean.com/wp-content/uploads/2015/11/Lesson15v38.mp3
똑같다,to be exactly the same,https://www.howtostudykorean.com/wp-content/uploads/2015/11/Lesson15v39.mp3
자랑스럽다,to be proud,https://www.howtostudykorean.com/wp-content/uploads/2015/11/Lesson15v40.mp3
또 다르다,another,https://www.howtostudykorean.com/wp-content/uploads/2015/11/Lesson15v41.mp3
시끄럽다,"to be noisy, to be loud",https://www.howtostudykorean.com/wp-content/uploads/2015/11/Lesson15v42.mp3
흔하다,to be common,https://www.howtostudykorean.com/wp-content/uploads/2015/11/Lesson15v43.mp3
드물다,to be rare,https://www.howtostudykorean.com/wp-content/uploads/2015/11/Lesson15v44.mp3
아마도,maybe/might,https://www.howtostudykorean.com/wp-content/uploads/2015/11/Lesson15v45.mp3
경제,economy/economics,https://www.howtostudykorean.com/wp-content/uploads/2015/11/Lesson16v1.mp3
경제적,economical,https://www.howtostudykorean.com/wp-content/uploads/2015/11/Lesson16v2.mp3
역사,history,https://www.howtostudykorean.com/wp-content/uploads/2015/11/Lesson16v3.mp3
역사적 ,historical,https://www.howtostudykorean.com/wp-content/uploads/2015/11/Lesson16v4.mp3
과학,science,https://www.howtostudykorean.com/wp-content/uploads/2015/11/Lesson16v5.mp3
과학적,scientific,https://www.howtostudykorean.com/wp-content/uploads/2015/11/Lesson16v6.mp3
충동,impulse/shock,https://www.howtostudykorean.com/wp-content/uploads/2015/11/Lesson16v7.mp3
충동적,impulsive,https://www.howtostudykorean.com/wp-content/uploads/2015/11/Lesson16v8.mp3
문화,culture,https://www.howtostudykorean.com/wp-content/uploads/2015/11/Lesson16v9.mp3
문화적,cultural,https://www.howtostudykorean.com/wp-content/uploads/2015/11/Lesson16v10.mp3
민주(주의),democracy,https://www.howtostudykorean.com/wp-content/uploads/2015/11/Lesson16v11.mp3
민주적,democratic,https://www.howtostudykorean.com/wp-content/uploads/2015/11/Lesson16v12.mp3
개인,individual/personal,https://www.howtostudykorean.com/wp-content/uploads/2015/11/Lesson16v13.mp3
개인적,individual,https://www.howtostudykorean.com/wp-content/uploads/2015/11/Lesson16v14.mp3
자연,nature,https://www.howtostudykorean.com/wp-content/uploads/2015/11/Lesson16v15.mp3
자연스럽다,natural,https://www.howtostudykorean.com/wp-content/uploads/2015/11/Lesson16v16.mp3
실망(하다),disappointment(disappointed),https://www.howtostudykorean.com/wp-content/uploads/2015/11/Lesson16v17.mp3
실망스럽다,to be disappointing,https://www.howtostudykorean.com/wp-content/uploads/2015/11/Lesson16v18.mp3
사랑(하다) ,love/(to love),https://www.howtostudykorean.com/wp-content/uploads/2015/11/Lesson16v19.mp3
사랑스럽다 ,to be lovely,https://www.howtostudykorean.com/wp-content/uploads/2015/11/Lesson16v20.mp3
만족(하다),satisfaction/(to be satisfied),https://www.howtostudykorean.com/wp-content/uploads/2015/11/Lesson16v21.mp3
만족스럽다,to be satisfactory,https://www.howtostudykorean.com/wp-content/uploads/2015/11/Lesson16v22.mp3
관계,relationship,https://www.howtostudykorean.com/wp-content/uploads/2015/11/Lesson16v23.mp3
스트레스,stress,https://www.howtostudykorean.com/wp-content/uploads/2015/11/Lesson16v24.mp3
연필,pencil,https://www.howtostudykorean.com/wp-content/uploads/2015/11/Lesson16v25.mp3
색깔,color,https://www.howtostudykorean.com/wp-content/uploads/2015/11/Lesson16v26.mp3
그,"he, him",https://www.howtostudykorean.com/wp-content/uploads/2015/11/Lesson16v27.mp3
그녀,"she, her",https://www.howtostudykorean.com/wp-content/uploads/2015/11/Lesson16v28.mp3
결과,result,https://www.howtostudykorean.com/wp-content/uploads/2015/11/Lesson16v29.mp3
꿈,a dream,https://www.howtostudykorean.com/wp-content/uploads/2015/11/Lesson16v30.mp3
세상,world,https://www.howtostudykorean.com/wp-content/uploads/2015/11/Lesson16v31.mp3
세계,world,https://www.howtostudykorean.com/wp-content/uploads/2015/11/Lesson16v32.mp3
회화,conversation,https://www.howtostudykorean.com/wp-content/uploads/2015/11/Lesson16v33.mp3
문자,text message,https://www.howtostudykorean.com/wp-content/uploads/2015/11/Lesson16v34.mp3
가슴,chest,https://www.howtostudykorean.com/wp-content/uploads/2015/11/Lesson16v35.mp3
제목,"title of something (book, etc)",https://www.howtostudykorean.com/wp-content/uploads/2015/11/Lesson16v36.mp3
근처 ,close/near by,https://www.howtostudykorean.com/wp-content/uploads/2015/11/Lesson16v46.mp3
나중,later,https://www.howtostudykorean.com/wp-content/uploads/2018/09/Lesson-16-38.mp3
최근,recently,https://www.howtostudykorean.com/wp-content/uploads/2018/09/Lesson-16-39.mp3
풀다,"to untie, to unfasten, to loosen",https://www.howtostudykorean.com/wp-content/uploads/2015/11/Lesson16v37.mp3
꿈꾸다,to dream,https://www.howtostudykorean.com/wp-content/uploads/2015/11/Lesson16v38.mp3
태어나다,to be born,https://www.howtostudykorean.com/wp-content/uploads/2015/11/Lesson16v39.mp3
다니다,to go somewhere frequently,https://www.howtostudykorean.com/wp-content/uploads/2015/11/Lesson16v40.mp3
믿다,"to believe, to trust",https://www.howtostudykorean.com/wp-content/uploads/2015/11/Lesson16v41.mp3
가깝다,"to be close to, to be near",https://www.howtostudykorean.com/wp-content/uploads/2015/11/Lesson16v42.mp3
힘들다,to be difficult to do something,https://www.howtostudykorean.com/wp-content/uploads/2015/11/Lesson16v43.mp3
순수하다,to be pure,https://www.howtostudykorean.com/wp-content/uploads/2015/11/Lesson16v44.mp3
조금 ,a little,https://www.howtostudykorean.com/wp-content/uploads/2015/11/Lesson16v45.mp3
그러나,but/however,https://www.howtostudykorean.com/wp-content/uploads/2015/11/Lesson16v49.mp3
과일,fruit,https://www.howtostudykorean.com/wp-content/uploads/2015/11/Lesson17v1.mp3
술,alcohol,https://www.howtostudykorean.com/wp-content/uploads/2015/11/Lesson17v2.mp3
우산,umbrella,https://www.howtostudykorean.com/wp-content/uploads/2015/11/Lesson17v3.mp3
잎,leaf,https://www.howtostudykorean.com/wp-content/uploads/2015/11/Lesson17v4.mp3
교회,church,https://www.howtostudykorean.com/wp-content/uploads/2015/11/Lesson17v5.mp3
강,river,https://www.howtostudykorean.com/wp-content/uploads/2015/11/Lesson17v6.mp3
계절,season,https://www.howtostudykorean.com/wp-content/uploads/2015/11/Lesson17v7.mp3
날씨,weather,https://www.howtostudykorean.com/wp-content/uploads/2015/11/Lesson17v8.mp3
부엌,kitchen,https://www.howtostudykorean.com/wp-content/uploads/2015/11/Lesson17v9.mp3
담임선생님,homeroom teacher,https://www.howtostudykorean.com/wp-content/uploads/2015/11/Lesson17v10.mp3
방학,vacation,https://www.howtostudykorean.com/wp-content/uploads/2015/11/Lesson17v11.mp3
배,pear,https://www.howtostudykorean.com/wp-content/uploads/2015/11/Lesson17v12.mp3
당근,carrot,https://www.howtostudykorean.com/wp-content/uploads/2015/11/Lesson17v13.mp3
무 ,radish,https://www.howtostudykorean.com/wp-content/uploads/2015/11/Lesson17v14.mp3
감자,potato,https://www.howtostudykorean.com/wp-content/uploads/2015/11/Lesson17v15.mp3
칼,knife,https://www.howtostudykorean.com/wp-content/uploads/2015/11/Lesson17v16.mp3
단어,word,https://www.howtostudykorean.com/wp-content/uploads/2015/11/Lesson17v17.mp3
문법,grammar,https://www.howtostudykorean.com/wp-content/uploads/2015/11/Lesson17v18.mp3
발,foot,https://www.howtostudykorean.com/wp-content/uploads/2015/11/Lesson17v19.mp3
바다,sea,https://www.howtostudykorean.com/wp-content/uploads/2015/11/Lesson17v20.mp3
신문,newspaper,https://www.howtostudykorean.com/wp-content/uploads/2015/11/Lesson17v21.mp3
고객,customer,https://www.howtostudykorean.com/wp-content/uploads/2015/11/Lesson17v22.mp3
부자,a rich person,https://www.howtostudykorean.com/wp-content/uploads/2015/11/Lesson17v23.mp3
교육,education,https://www.howtostudykorean.com/wp-content/uploads/2015/11/Lesson17v24.mp3
기분,feelings,https://www.howtostudykorean.com/wp-content/uploads/2015/11/Lesson17v25.mp3
산,mountain,https://www.howtostudykorean.com/wp-content/uploads/2015/11/Lesson17v26.mp3
순서,turn (turn to go)/order,https://www.howtostudykorean.com/wp-content/uploads/2015/11/Lesson17v27.mp3
시험,exam/test,https://www.howtostudykorean.com/wp-content/uploads/2015/11/Lesson17v28.mp3
머무르다,to stay,https://www.howtostudykorean.com/wp-content/uploads/2015/11/Lesson17v29.mp3
쉬다,"to relax, to rest",https://www.howtostudykorean.com/wp-content/uploads/2015/11/Lesson17v30.mp3
보내다,to send,https://www.howtostudykorean.com/wp-content/uploads/2015/11/Lesson17v31.mp3
걸어오다,to come by walking,https://www.howtostudykorean.com/wp-content/uploads/2015/11/Lesson17v32.mp3
걸어가다,to go by walking,https://www.howtostudykorean.com/wp-content/uploads/2015/11/Lesson17v33.mp3
초대하다,to invite,https://www.howtostudykorean.com/wp-content/uploads/2015/11/Lesson17v34.mp3
울다,to cry,https://www.howtostudykorean.com/wp-content/uploads/2015/11/Lesson17v35.mp3
환영하다,to welcome,https://www.howtostudykorean.com/wp-content/uploads/2015/11/Lesson17v36.mp3
반갑다 ,to be happy when meeting somebody,https://www.howtostudykorean.com/wp-content/uploads/2015/11/Lesson17v37.mp3
따뜻하다,to be warm,https://www.howtostudykorean.com/wp-content/uploads/2015/11/Lesson17v38.mp3
높다,to be high,https://www.howtostudykorean.com/wp-content/uploads/2015/11/Lesson17v39.mp3
가난하다,to be poor,https://www.howtostudykorean.com/wp-content/uploads/2015/11/Lesson17v40.mp3
낮다,to be low,https://www.howtostudykorean.com/wp-content/uploads/2015/11/Lesson17v42.mp3
권,a counter for books/magazines/etc,https://www.howtostudykorean.com/wp-content/uploads/2015/11/Lesson17v43.mp3
분,"‘person’ – high respect form, also a high-respect counter for ‘people’",https://www.howtostudykorean.com/wp-content/uploads/2015/11/Lesson17v44.mp3
원숭이,monkey,https://www.howtostudykorean.com/wp-content/uploads/2015/11/Lesson18v1.mp3
교과목,subject in school,https://www.howtostudykorean.com/wp-content/uploads/2015/11/Lesson18v2.mp3
교과서,textbook,https://www.howtostudykorean.com/wp-content/uploads/2015/11/Lesson18v3.mp3
소문,rumor,https://www.howtostudykorean.com/wp-content/uploads/2015/11/Lesson18v4.mp3
충전기,charger,https://www.howtostudykorean.com/wp-content/uploads/2015/11/Lesson18v5.mp3
청구서,bill,https://www.howtostudykorean.com/wp-content/uploads/2015/11/Lesson18v6.mp3
계산원,cashier,https://www.howtostudykorean.com/wp-content/uploads/2015/11/Lesson18v7.mp3
계산기 ,calculator,https://www.howtostudykorean.com/wp-content/uploads/2015/11/Lesson18v8.mp3
출장,business trip,https://www.howtostudykorean.com/wp-content/uploads/2015/11/Lesson18v9.mp3
밥솥,rice cooker,https://www.howtostudykorean.com/wp-content/uploads/2015/11/Lesson18v10.mp3
소설,novel,https://www.howtostudykorean.com/wp-content/uploads/2015/11/Lesson18v11.mp3
백과사전,encyclopedia,https://www.howtostudykorean.com/wp-content/uploads/2015/11/Lesson18v12.mp3
전공,major (in university),https://www.howtostudykorean.com/wp-content/uploads/2015/11/Lesson18v13.mp3
가위,scissors,https://www.howtostudykorean.com/wp-content/uploads/2015/11/Lesson18v14.mp3
팀,team,https://www.howtostudykorean.com/wp-content/uploads/2015/11/Lesson18v15.mp3
부모님,parents,https://www.howtostudykorean.com/wp-content/uploads/2015/11/Lesson18v16.mp3
피부,skin,https://www.howtostudykorean.com/wp-content/uploads/2015/11/Lesson18v17.mp3
군대,army,https://www.howtostudykorean.com/wp-content/uploads/2015/11/Lesson18v19.mp3
군인,soldier,https://www.howtostudykorean.com/wp-content/uploads/2015/11/Lesson18v20.mp3
지도,map,https://www.howtostudykorean.com/wp-content/uploads/2015/11/Lesson18v21.mp3
책상,desk,https://www.howtostudykorean.com/wp-content/uploads/2015/11/Lesson18v22.mp3
어깨,shoulder,https://www.howtostudykorean.com/wp-content/uploads/2015/11/Lesson18v23.mp3
백화점,department store,https://www.howtostudykorean.com/wp-content/uploads/2015/11/Lesson18v24.mp3
대학생,university student,https://www.howtostudykorean.com/wp-content/uploads/2015/11/Lesson18v25.mp3
중학교 ,middle school,https://www.howtostudykorean.com/wp-content/uploads/2015/11/Lesson18v26.mp3
가수,singer,https://www.howtostudykorean.com/wp-content/uploads/2015/11/Lesson18v27.mp3
공기,air,https://www.howtostudykorean.com/wp-content/uploads/2015/11/Lesson18v28.mp3
새벽 ,dawn,https://www.howtostudykorean.com/wp-content/uploads/2015/11/Lesson18v29.mp3
내부,inside part,https://www.howtostudykorean.com/wp-content/uploads/2015/11/Lesson18v37.mp3
외부,outside part,https://www.howtostudykorean.com/wp-content/uploads/2015/11/Lesson18v38.mp3
자르다,to cut,https://www.howtostudykorean.com/wp-content/uploads/2015/11/Lesson18v30.mp3
요청하다,"to ask, to request",https://www.howtostudykorean.com/wp-content/uploads/2015/11/Lesson18v31.mp3
젖다,to be wet,https://www.howtostudykorean.com/wp-content/uploads/2015/11/Lesson18v34.mp3
궁금하다,to be curious about,https://www.howtostudykorean.com/wp-content/uploads/2015/11/Lesson18v32.mp3
안타깝다 ,to be unfortunate,https://www.howtostudykorean.com/wp-content/uploads/2015/11/Lesson18v33.mp3
주로,"mainly, mostly",https://www.howtostudykorean.com/wp-content/uploads/2015/11/Lesson18v36.mp3
이쪽,this direction,https://www.howtostudykorean.com/wp-content/uploads/2018/09/37.mp3
그쪽,that direction,https://www.howtostudykorean.com/wp-content/uploads/2018/09/38.mp3
저쪽,that direction,https://www.howtostudykorean.com/wp-content/uploads/2015/11/Lesson18v39.mp3
한식,Korean food,https://www.howtostudykorean.com/wp-content/uploads/2015/11/Lesson19v1.mp3
양식,western food,https://www.howtostudykorean.com/wp-content/uploads/2015/11/Lesson19v2.mp3
키,height,https://www.howtostudykorean.com/wp-content/uploads/2015/11/Lesson19v3.mp3
별,star,https://www.howtostudykorean.com/wp-content/uploads/2015/11/Lesson19v4.mp3
태도,attitude,https://www.howtostudykorean.com/wp-content/uploads/2015/11/Lesson19v5.mp3
월급,pay cheque,https://www.howtostudykorean.com/wp-content/uploads/2015/11/Lesson19v6.mp3
도심,downtown,https://www.howtostudykorean.com/wp-content/uploads/2015/11/Lesson19v7.mp3
시내,downtown,https://www.howtostudykorean.com/wp-content/uploads/2015/11/Lesson19v8.mp3
추억,memory,https://www.howtostudykorean.com/wp-content/uploads/2015/11/Lesson19v9.mp3
후보자,candidate,https://www.howtostudykorean.com/wp-content/uploads/2015/11/Lesson19v10.mp3
라면,instant noodles (ramen),https://www.howtostudykorean.com/wp-content/uploads/2015/11/Lesson19v11.mp3
주년,anniversary,https://www.howtostudykorean.com/wp-content/uploads/2015/11/Lesson19v12.mp3
자세,body position/posture,https://www.howtostudykorean.com/wp-content/uploads/2015/11/Lesson19v13.mp3
평소,usual,https://www.howtostudykorean.com/wp-content/uploads/2015/11/Lesson19v33.mp3
옛날,old days,https://www.howtostudykorean.com/wp-content/uploads/2015/11/Lesson19v37.mp3
옛사랑,old love,https://www.howtostudykorean.com/wp-content/uploads/2015/11/Lesson19v38.mp3
옛길,old road/path,https://www.howtostudykorean.com/wp-content/uploads/2015/11/Lesson19v39.mp3
걱정하다,to worry,https://www.howtostudykorean.com/wp-content/uploads/2015/11/Lesson19v14.mp3
씻다,to wash,https://www.howtostudykorean.com/wp-content/uploads/2015/11/Lesson19v15.mp3
확인하다,"to confirm, to check",https://www.howtostudykorean.com/wp-content/uploads/2015/11/Lesson19v16.mp3
모으다,"to gather, to collect",https://www.howtostudykorean.com/wp-content/uploads/2015/11/Lesson19v17.mp3
이야기하다,"to talk with, to have a conversation",https://www.howtostudykorean.com/wp-content/uploads/2015/11/Lesson19v18.mp3
수집하다,to collect,https://www.howtostudykorean.com/wp-content/uploads/2015/11/Lesson19v19.mp3
추천하다,to recommend,https://www.howtostudykorean.com/wp-content/uploads/2015/11/Lesson19v20.mp3
좁다,to be narrow,https://www.howtostudykorean.com/wp-content/uploads/2015/11/Lesson19v22.mp3
넓다,to be wide,https://www.howtostudykorean.com/wp-content/uploads/2015/11/Lesson19v23.mp3
특별하다,to be special,https://www.howtostudykorean.com/wp-content/uploads/2015/11/Lesson19v24.mp3
게으르다,to be lazy,https://www.howtostudykorean.com/wp-content/uploads/2015/11/Lesson19v25.mp3
편하다,to be comfortable,https://www.howtostudykorean.com/wp-content/uploads/2015/11/Lesson19v26.mp3
안락하다,to be comfortable,https://www.howtostudykorean.com/wp-content/uploads/2015/11/Lesson19v27.mp3
더,more,https://www.howtostudykorean.com/wp-content/uploads/2015/11/Lesson19v28.mp3
덜,less,https://www.howtostudykorean.com/wp-content/uploads/2015/11/Lesson19v29.mp3
가장,the most (superlative),https://www.howtostudykorean.com/wp-content/uploads/2015/11/Lesson19v30.mp3
제일,the most (superlative),https://www.howtostudykorean.com/wp-content/uploads/2015/11/Lesson19v31.mp3
여러,many/various,https://www.howtostudykorean.com/wp-content/uploads/2015/11/Lesson19v34.mp3
옛,something old,https://www.howtostudykorean.com/wp-content/uploads/2015/11/Lesson19v35.mp3
교수,professor,https://www.howtostudykorean.com/wp-content/uploads/2015/11/Lesson20v1.mp3
주인,master/owner/proprietor,https://www.howtostudykorean.com/wp-content/uploads/2015/11/Lesson20v2.mp3
잘못,mistake/fault,https://www.howtostudykorean.com/wp-content/uploads/2015/11/Lesson20v3.mp3
기온,temperature,https://www.howtostudykorean.com/wp-content/uploads/2015/11/Lesson20v4.mp3
거울,mirror,https://www.howtostudykorean.com/wp-content/uploads/2015/11/Lesson20v5.mp3
가루,powder,https://www.howtostudykorean.com/wp-content/uploads/2015/11/Lesson20v6.mp3
근육,muscle,https://www.howtostudykorean.com/wp-content/uploads/2015/11/Lesson20v7.mp3
어둠 ,darkness,https://www.howtostudykorean.com/wp-content/uploads/2015/11/Lesson20v8.mp3
기본 ,basic/basics,https://www.howtostudykorean.com/wp-content/uploads/2015/11/Lesson20v9.mp3
사고,accident,https://www.howtostudykorean.com/wp-content/uploads/2015/11/Lesson20v10.mp3
교통,traffic,https://www.howtostudykorean.com/wp-content/uploads/2015/11/Lesson20v11.mp3
이상,a noun to indicate that something is more than something else,https://www.howtostudykorean.com/wp-content/uploads/2015/11/Lesson20v39.mp3
잘하다,to do something well,https://www.howtostudykorean.com/wp-content/uploads/2015/11/Lesson20v12.mp3
못하다,to do something poorly,https://www.howtostudykorean.com/wp-content/uploads/2015/11/Lesson20v13.mp3
수영하다,to swim,https://www.howtostudykorean.com/wp-content/uploads/2015/11/Lesson20v14.mp3
대우하다,to treat somebody,https://www.howtostudykorean.com/wp-content/uploads/2015/11/Lesson20v15.mp3
퇴직하다,to retire,https://www.howtostudykorean.com/wp-content/uploads/2015/11/Lesson20v16.mp3
접수하다,to receive (an application),https://www.howtostudykorean.com/wp-content/uploads/2015/11/Lesson20v17.mp3
씹다,to chew,https://www.howtostudykorean.com/wp-content/uploads/2015/11/Lesson20v18.mp3
통역하다,to interpret,https://www.howtostudykorean.com/wp-content/uploads/2015/11/Lesson20v19.mp3
번역하다,to translate,https://www.howtostudykorean.com/wp-content/uploads/2015/11/Lesson20v20.mp3
젓다,to stir,https://www.howtostudykorean.com/wp-content/uploads/2015/11/Lesson20v21.mp3
늘리다,"to gain, to improve, to increase",https://www.howtostudykorean.com/wp-content/uploads/2015/11/Lesson20v22.mp3
빠지다,to fall into,https://www.howtostudykorean.com/wp-content/uploads/2015/11/Lesson20v23.mp3
빠져나오다 ,"to escape, to come out of",https://www.howtostudykorean.com/wp-content/uploads/2015/11/Lesson20v25.mp3
빠져나가다,"to escape, to go out of",https://www.howtostudykorean.com/wp-content/uploads/2015/11/Lesson20v26.mp3
헷갈리다,to be confused,https://www.howtostudykorean.com/wp-content/uploads/2015/11/Lesson20v29.mp3
늘다,"to be gained, improved, increased",https://www.howtostudykorean.com/wp-content/uploads/2015/11/Lesson20v27.mp3
둥글다,"to be round, to be spherical",https://www.howtostudykorean.com/wp-content/uploads/2015/11/Lesson20v28.mp3
어둡다,to be dark,https://www.howtostudykorean.com/wp-content/uploads/2015/11/Lesson20v30.mp3
잘,well,https://www.howtostudykorean.com/wp-content/uploads/2015/11/Lesson20v31.mp3
못,poorly,https://www.howtostudykorean.com/wp-content/uploads/2015/11/Lesson20v32.mp3
님,adds respect to person’s name or position,https://www.howtostudykorean.com/wp-content/uploads/2015/11/Lesson20v33.mp3
또는 ,or,https://www.howtostudykorean.com/wp-content/uploads/2015/11/Lesson20v34.mp3
세,a counter for years of age,https://www.howtostudykorean.com/wp-content/uploads/2015/11/Lesson20v35.mp3
꼭,surely/definitely,https://www.howtostudykorean.com/wp-content/uploads/2015/11/Lesson20v36.mp3
물론,of course,https://www.howtostudykorean.com/wp-content/uploads/2015/11/Lesson20v37.mp3
소식,news,https://www.howtostudykorean.com/wp-content/uploads/2015/11/Lesson21v1.mp3
엄마,mom,https://www.howtostudykorean.com/wp-content/uploads/2015/11/Lesson21v2.mp3
아빠,dad,https://www.howtostudykorean.com/wp-content/uploads/2015/11/Lesson21v3.mp3
결혼식,wedding,https://www.howtostudykorean.com/wp-content/uploads/2015/11/Lesson21v4.mp3
우표,postage stamp,https://www.howtostudykorean.com/wp-content/uploads/2015/11/Lesson21v5.mp3
신,god,https://www.howtostudykorean.com/wp-content/uploads/2015/11/Lesson21v6.mp3
만화,"comics, cartoons",https://www.howtostudykorean.com/wp-content/uploads/2015/11/Lesson21v7.mp3
만화책,comic book,https://www.howtostudykorean.com/wp-content/uploads/2015/11/Lesson21v8.mp3
예정,schedule,https://www.howtostudykorean.com/wp-content/uploads/2015/11/Lesson21v9.mp3
코딱지,"booger, a small amount of something",https://www.howtostudykorean.com/wp-content/uploads/2015/11/Lesson21v10.mp3
논 ,rice paddy,https://www.howtostudykorean.com/wp-content/uploads/2015/11/Lesson21v11.mp3
낮잠 (자다) ,nap,https://www.howtostudykorean.com/wp-content/uploads/2015/11/Lesson21v12.mp3
의견,"opinion, feedback",https://www.howtostudykorean.com/wp-content/uploads/2015/11/Lesson21v13.mp3
사라지다,to disappear,https://www.howtostudykorean.com/wp-content/uploads/2015/11/Lesson21v16.mp3
졸업하다,to graduate,https://www.howtostudykorean.com/wp-content/uploads/2015/11/Lesson21v17.mp3
입원하다,to check into a hospital,https://www.howtostudykorean.com/wp-content/uploads/2015/11/Lesson21v18.mp3
퇴원하다,to check out of a hospital,https://www.howtostudykorean.com/wp-content/uploads/2015/11/Lesson21v19.mp3
이기다,to win,https://www.howtostudykorean.com/wp-content/uploads/2015/11/Lesson21v20.mp3
지다,to lose,https://www.howtostudykorean.com/wp-content/uploads/2015/11/Lesson21v21.mp3
후회하다,to regret,https://www.howtostudykorean.com/wp-content/uploads/2015/11/Lesson21v22.mp3
타다,to ride,https://www.howtostudykorean.com/wp-content/uploads/2015/11/Lesson21v23.mp3
즐겁다,to be pleasant,https://www.howtostudykorean.com/wp-content/uploads/2015/11/Lesson21v24.mp3
부족하다,"to not be enough, to be lacking",https://www.howtostudykorean.com/wp-content/uploads/2015/11/Lesson21v25.mp3
간단하다,to be simple,https://www.howtostudykorean.com/wp-content/uploads/2015/11/Lesson21v26.mp3
누구,who,https://www.howtostudykorean.com/wp-content/uploads/2015/11/Lesson21v27.mp3
왜,why,https://www.howtostudykorean.com/wp-content/uploads/2015/11/Lesson21v28.mp3
언제,when,https://www.howtostudykorean.com/wp-content/uploads/2015/11/Lesson21v29.mp3
어디,where,https://www.howtostudykorean.com/wp-content/uploads/2015/11/Lesson21v30.mp3
역시,also,https://www.howtostudykorean.com/wp-content/uploads/2015/11/Lesson21v31.mp3
몇몇,some,https://www.howtostudykorean.com/wp-content/uploads/2015/11/Lesson21v34.mp3
벌써,already,https://www.howtostudykorean.com/wp-content/uploads/2015/11/Lesson21v36.mp3
이미,already,https://www.howtostudykorean.com/wp-content/uploads/2015/11/Lesson21v37.mp3
특히,"especially, particularly",https://www.howtostudykorean.com/wp-content/uploads/2015/11/Lesson21v38.mp3
점점,gradually,https://www.howtostudykorean.com/wp-content/uploads/2015/11/Lesson21v39.mp3
계란,eggs,https://www.howtostudykorean.com/wp-content/uploads/2015/11/Lesson22v1.mp3
자리 ,"a seat, a place to put something",https://www.howtostudykorean.com/wp-content/uploads/2015/11/Lesson22v2.mp3
중요성,"importance, emphasis",https://www.howtostudykorean.com/wp-content/uploads/2015/11/Lesson22v3.mp3
벌금,a fine,https://www.howtostudykorean.com/wp-content/uploads/2015/11/Lesson22v4.mp3
파일 ,file,https://www.howtostudykorean.com/wp-content/uploads/2015/11/Lesson22v5.mp3
로션,lotion,https://www.howtostudykorean.com/wp-content/uploads/2015/11/Lesson22v6.mp3
습관,"customs, habit",https://www.howtostudykorean.com/wp-content/uploads/2015/11/Lesson22v7.mp3
치마,skirt,https://www.howtostudykorean.com/wp-content/uploads/2015/11/Lesson22v8.mp3
단계,"step, phase, stage",https://www.howtostudykorean.com/wp-content/uploads/2015/11/Lesson22v9.mp3
짓,some sort of negative act,https://www.howtostudykorean.com/wp-content/uploads/2015/11/Lesson22v10.mp3
차지하다,to occupy a space,https://www.howtostudykorean.com/wp-content/uploads/2015/11/Lesson22v11.mp3
수거하다,"to collect, to come and pick up",https://www.howtostudykorean.com/wp-content/uploads/2015/11/Lesson22v12.mp3
첨부하다,to attach (a file),https://www.howtostudykorean.com/wp-content/uploads/2015/11/Lesson22v13.mp3
찢다,"to tear, to rip",https://www.howtostudykorean.com/wp-content/uploads/2015/11/Lesson22v14.mp3
다녀오다,to go and then come back,https://www.howtostudykorean.com/wp-content/uploads/2015/11/Lesson22v15.mp3
예상하다,to expect,https://www.howtostudykorean.com/wp-content/uploads/2015/11/Lesson22v16.mp3
올바르다,to be correct,https://www.howtostudykorean.com/wp-content/uploads/2015/11/Lesson22v17.mp3
복잡하다,to be complicated,https://www.howtostudykorean.com/wp-content/uploads/2015/11/Lesson22v18.mp3
짧다,"to be  short, to be brief",https://www.howtostudykorean.com/wp-content/uploads/2015/11/Lesson22v19.mp3
얼마나,how much,https://www.howtostudykorean.com/wp-content/uploads/2015/11/Lesson22v20.mp3
몇,how many ___,https://www.howtostudykorean.com/wp-content/uploads/2015/11/Lesson22v21.mp3
뭐,what,https://www.howtostudykorean.com/wp-content/uploads/2015/11/Lesson22v22.mp3
무슨,what,https://www.howtostudykorean.com/wp-content/uploads/2015/11/Lesson22v23.mp3
무엇,what,https://www.howtostudykorean.com/wp-content/uploads/2015/11/Lesson22v24.mp3
어떤,which,https://www.howtostudykorean.com/wp-content/uploads/2015/11/Lesson22v25.mp3
어떤,some,https://www.howtostudykorean.com/wp-content/uploads/2015/11/Lesson22v25.mp3
어느,which,https://www.howtostudykorean.com/wp-content/uploads/2015/11/Lesson22v26.mp3
어때?,How is/was … ?,https://www.howtostudykorean.com/wp-content/uploads/2015/11/Lesson22v27.mp3
대개,usually,https://www.howtostudykorean.com/wp-content/uploads/2015/11/Lesson22v28.mp3
바깥,outside,https://www.howtostudykorean.com/wp-content/uploads/2015/11/Lesson22v29.mp3
쯤,approximately,https://www.howtostudykorean.com/wp-content/uploads/2015/11/Lesson22v30.mp3
서로,reciprocally,https://www.howtostudykorean.com/wp-content/uploads/2015/11/Lesson22v31.mp3
필독,must read,https://www.howtostudykorean.com/wp-content/uploads/2015/11/Lesson22v32.mp3
며칠,how many days,https://www.howtostudykorean.com/wp-content/uploads/2015/11/Lesson22v33.mp3
퍼센트,percent,https://www.howtostudykorean.com/wp-content/uploads/2015/11/Lesson22v34.mp3
초록색,(the color) green,https://www.howtostudykorean.com/wp-content/uploads/2015/11/Lesson23v1.mp3
보라색,(the color) purple,https://www.howtostudykorean.com/wp-content/uploads/2015/11/Lesson23v2.mp3
연두색,(the color) light green,https://www.howtostudykorean.com/wp-content/uploads/2015/11/Lesson23v3.mp3
분홍색,(the color) pink,https://www.howtostudykorean.com/wp-content/uploads/2015/11/Lesson23v4.mp3
갈색,(the color) brown,https://www.howtostudykorean.com/wp-content/uploads/2015/11/Lesson23v5.mp3
회색,(the color) grey,https://www.howtostudykorean.com/wp-content/uploads/2015/11/Lesson23v6.mp3
적색,(the color) red,https://www.howtostudykorean.com/wp-content/uploads/2015/11/Lesson23v7.mp3
셔츠,shirt,https://www.howtostudykorean.com/wp-content/uploads/2015/11/Lesson23v8.mp3
눈,snow,https://www.howtostudykorean.com/wp-content/uploads/2015/11/Lesson23v9.mp3
눈보라,"blizzard, snow storm",https://www.howtostudykorean.com/wp-content/uploads/2015/11/Lesson23v10.mp3
뉴스,news,https://www.howtostudykorean.com/wp-content/uploads/2015/11/Lesson23v11.mp3
전쟁,war,https://www.howtostudykorean.com/wp-content/uploads/2015/11/Lesson23v12.mp3
작품,a piece of work,https://www.howtostudykorean.com/wp-content/uploads/2015/11/Lesson23v13.mp3
날짜,date,https://www.howtostudykorean.com/wp-content/uploads/2015/11/Lesson23v14.mp3
그릇,bowl,https://www.howtostudykorean.com/wp-content/uploads/2015/11/Lesson23v15.mp3
등,one's back,https://www.howtostudykorean.com/wp-content/uploads/2015/11/Lesson23v16.mp3
손등,back of hand,https://www.howtostudykorean.com/wp-content/uploads/2015/11/Lesson23v17.mp3
손톱,fingernail,https://www.howtostudykorean.com/wp-content/uploads/2015/11/Lesson23v18.mp3
독자,readers,https://www.howtostudykorean.com/wp-content/uploads/2015/11/Lesson23v19.mp3
부부,"couple, married couple",https://www.howtostudykorean.com/wp-content/uploads/2015/11/Lesson23v20.mp3
변경하다,to change,https://www.howtostudykorean.com/wp-content/uploads/2015/11/Lesson23v21.mp3
들르다,to stop by,https://www.howtostudykorean.com/wp-content/uploads/2015/11/Lesson23v22.mp3
내려오다,to come down,https://www.howtostudykorean.com/wp-content/uploads/2015/11/Lesson23v23.mp3
내려가다,to go down,https://www.howtostudykorean.com/wp-content/uploads/2015/11/Lesson23v24.mp3
드러내다,"to reveal, to show",https://www.howtostudykorean.com/wp-content/uploads/2015/12/Lesson23vocabtoreveal.mp3
발표하다,to announce,https://www.howtostudykorean.com/wp-content/uploads/2015/11/Lesson23v25.mp3
드러나다,"to be revealed, to be shown",https://www.howtostudykorean.com/wp-content/uploads/2015/11/Lesson23v26.mp3
푸르다,to be sea blue,https://www.howtostudykorean.com/wp-content/uploads/2015/11/Lesson23v27.mp3
노랗다,to be yellow,https://www.howtostudykorean.com/wp-content/uploads/2015/11/Lesson23v28.mp3
빨갛다,to be red,https://www.howtostudykorean.com/wp-content/uploads/2015/11/Lesson23v29.mp3
하얗다,to be white,https://www.howtostudykorean.com/wp-content/uploads/2015/11/Lesson23v30.mp3
까맣다,to be black,https://www.howtostudykorean.com/wp-content/uploads/2015/11/Lesson23v31.mp3
파랗다,to be blue,https://www.howtostudykorean.com/wp-content/uploads/2015/11/Lesson23v32.mp3
섬세하다,to be delicate,https://www.howtostudykorean.com/wp-content/uploads/2015/11/Lesson23v33.mp3
이렇다,to be like this,https://www.howtostudykorean.com/wp-content/uploads/2017/02/Lesson23n1.mp3
그렇다,to be like that,https://www.howtostudykorean.com/wp-content/uploads/2017/02/Lesson23n2.mp3
저렇다,to be like that,https://www.howtostudykorean.com/wp-content/uploads/2017/02/Lesson23n3.mp3
대부분,most,https://www.howtostudykorean.com/wp-content/uploads/2015/11/Lesson23v40.mp3
송이,counter for “bunch” of bananas or single flower,https://www.howtostudykorean.com/wp-content/uploads/2015/11/Lesson23v41.mp3
종류,counter for a “type/kind of thing”,https://www.howtostudykorean.com/wp-content/uploads/2015/11/Lesson23v42.mp3
가지,counter for a “type of thing”,https://www.howtostudykorean.com/wp-content/uploads/2015/11/Lesson23v43.mp3
설탕,sugar,https://www.howtostudykorean.com/wp-content/uploads/2015/11/Lesson24v2.mp3
경찰관,policeman,https://www.howtostudykorean.com/wp-content/uploads/2015/11/Lesson24v1.mp3
경찰서,police station,https://www.howtostudykorean.com/wp-content/uploads/2015/11/Lesson24v3.mp3
구름,cloud,https://www.howtostudykorean.com/wp-content/uploads/2015/11/Lesson24v4.mp3
경쟁,competition,https://www.howtostudykorean.com/wp-content/uploads/2015/11/Lesson24v5.mp3
경쟁자,competitors,https://www.howtostudykorean.com/wp-content/uploads/2015/11/Lesson24v6.mp3
피,blood,https://www.howtostudykorean.com/wp-content/uploads/2015/11/Lesson24v7.mp3
구두,"shoes, boots",https://www.howtostudykorean.com/wp-content/uploads/2015/11/Lesson24v8.mp3
목욕,bath,https://www.howtostudykorean.com/wp-content/uploads/2015/11/Lesson24v9.mp3
번호,number,https://www.howtostudykorean.com/wp-content/uploads/2015/12/Lesson24vocabnumber.mp3
전화번호,phone number,https://www.howtostudykorean.com/wp-content/uploads/2015/11/Lesson24v11.mp3
열쇠,key,https://www.howtostudykorean.com/wp-content/uploads/2015/11/Lesson24v12.mp3
수박,watermelon,https://www.howtostudykorean.com/wp-content/uploads/2015/11/Lesson24v13.mp3
과자,"candy, cookies, snacks",https://www.howtostudykorean.com/wp-content/uploads/2015/11/Lesson24v14.mp3
양복,suit,https://www.howtostudykorean.com/wp-content/uploads/2015/11/Lesson24v15.mp3
날다,to fly,https://www.howtostudykorean.com/wp-content/uploads/2015/11/Lesson24v16.mp3
걷히다,to clear up (in weather),https://www.howtostudykorean.com/wp-content/uploads/2015/11/Lesson24v17.mp3
구경하다,to sight see,https://www.howtostudykorean.com/wp-content/uploads/2015/11/Lesson24v18.mp3
뒤처지다,to fall behind,https://www.howtostudykorean.com/wp-content/uploads/2015/11/Lesson24v19.mp3
앞지르다,"to pass, to overtake",https://www.howtostudykorean.com/wp-content/uploads/2015/11/Lesson24v20.mp3
감독하다,to supervise,https://www.howtostudykorean.com/wp-content/uploads/2015/11/Lesson24v21.mp3
느끼다,to feel,https://www.howtostudykorean.com/wp-content/uploads/2015/11/Lesson24v22.mp3
치우다,"to remove, to clear away",https://www.howtostudykorean.com/wp-content/uploads/2015/11/Lesson24v23.mp3
지우다,"to wipe off, to erase",https://www.howtostudykorean.com/wp-content/uploads/2017/02/Lesson24n1.mp3
두다,"to put, to set, to place something",https://www.howtostudykorean.com/wp-content/uploads/2015/11/Lesson24v24.mp3
느껴지다,to be felt,https://www.howtostudykorean.com/wp-content/uploads/2015/11/Lesson24v25.mp3
달다,to be sweet,https://www.howtostudykorean.com/wp-content/uploads/2015/11/Lesson24v26.mp3
깊다 ,to be deep,https://www.howtostudykorean.com/wp-content/uploads/2015/11/Lesson24v27.mp3
조용하다,to be quiet,https://www.howtostudykorean.com/wp-content/uploads/2015/11/Lesson24v28.mp3
뜨겁다,to be hot,https://www.howtostudykorean.com/wp-content/uploads/2015/11/Lesson24v29.mp3
차갑다,to be cold,https://www.howtostudykorean.com/wp-content/uploads/2015/11/Lesson24v30.mp3
친절하다,"to be nice, to be kind",https://www.howtostudykorean.com/wp-content/uploads/2015/11/Lesson24v31.mp3
전,before/ago,https://www.howtostudykorean.com/wp-content/uploads/2015/11/Lesson24v32.mp3
직전,just before,https://www.howtostudykorean.com/wp-content/uploads/2015/11/Lesson24v33.mp3
후,after/later,https://www.howtostudykorean.com/wp-content/uploads/2015/11/Lesson24v34.mp3
직후,right after,https://www.howtostudykorean.com/wp-content/uploads/2015/12/Lesson24vocabrightafter.mp3
이래,since,https://www.howtostudykorean.com/wp-content/uploads/2015/11/Lesson24v35.mp3
잠시,a moment,https://www.howtostudykorean.com/wp-content/uploads/2015/11/Lesson24v36.mp3
잠깐,a short time,https://www.howtostudykorean.com/wp-content/uploads/2015/11/Lesson24v37.mp3
이내,within,https://www.howtostudykorean.com/wp-content/uploads/2015/11/Lesson24v38.mp3
모든,every,https://www.howtostudykorean.com/wp-content/uploads/2015/11/Lesson25v1.mp3
모든 것,everything,https://www.howtostudykorean.com/wp-content/uploads/2015/11/Lesson25v2.mp3
어디나,everywhere,https://www.howtostudykorean.com/wp-content/uploads/2015/11/Lesson25v3.mp3
언제나,every time,https://www.howtostudykorean.com/wp-content/uploads/2015/11/Lesson25v4.mp3
누구나,everyone,https://www.howtostudykorean.com/wp-content/uploads/2015/11/Lesson25v5.mp3
뭔가,something,https://www.howtostudykorean.com/wp-content/uploads/2015/11/Lesson25v6.mp3
어딘가,somewhere,https://www.howtostudykorean.com/wp-content/uploads/2015/11/Lesson25v7.mp3
언젠가,"sometime, some day",https://www.howtostudykorean.com/wp-content/uploads/2015/11/Lesson25v8.mp3
누군가,somebody,https://www.howtostudykorean.com/wp-content/uploads/2015/11/Lesson25v9.mp3
아무나 ,anybody,https://www.howtostudykorean.com/wp-content/uploads/2015/11/Lesson25v10.mp3
아무 거나,anything,https://www.howtostudykorean.com/wp-content/uploads/2015/11/Lesson25v11.mp3
아무 데나,anywhere,https://www.howtostudykorean.com/wp-content/uploads/2015/11/Lesson25v12.mp3
아무 때나,anytime,https://www.howtostudykorean.com/wp-content/uploads/2015/11/Lesson25v13.mp3
아무도,nobody,https://www.howtostudykorean.com/wp-content/uploads/2015/11/Lesson25v14.mp3
아무 것도,nothing,https://www.howtostudykorean.com/wp-content/uploads/2015/11/Lesson25v15.mp3
아무 데도,nowhere,https://www.howtostudykorean.com/wp-content/uploads/2015/11/Lesson25v16.mp3
마다,each,https://www.howtostudykorean.com/wp-content/uploads/2015/11/Lesson25v17.mp3
모두,all,https://www.howtostudykorean.com/wp-content/uploads/2015/11/Lesson25v18.mp3
다,all,https://www.howtostudykorean.com/wp-content/uploads/2015/11/Lesson25v19.mp3
데,place,https://www.howtostudykorean.com/wp-content/uploads/2015/11/Lesson25v20.mp3
언제든지,anytime,https://www.howtostudykorean.com/wp-content/uploads/2015/11/Lesson25v21.mp3
젓가락 ,chopsticks,https://www.howtostudykorean.com/wp-content/uploads/2015/11/Lesson25v22.mp3
혀,tongue,https://www.howtostudykorean.com/wp-content/uploads/2015/11/Lesson25v23.mp3
지갑,"wallet, purse",https://www.howtostudykorean.com/wp-content/uploads/2015/11/Lesson25v24.mp3
기숙사,dorm,https://www.howtostudykorean.com/wp-content/uploads/2015/11/Lesson25v25.mp3
주소,address,https://www.howtostudykorean.com/wp-content/uploads/2015/11/Lesson25v26.mp3
메뉴,menu,https://www.howtostudykorean.com/wp-content/uploads/2015/11/Lesson25v27.mp3
아시아,Asia,https://www.howtostudykorean.com/wp-content/uploads/2015/11/Lesson25v28.mp3
동남아시아 ,south east Asia,https://www.howtostudykorean.com/wp-content/uploads/2015/11/Lesson25v29.mp3
눈물,tears,https://www.howtostudykorean.com/wp-content/uploads/2015/11/Lesson25v30.mp3
회의,"meeting, conference",https://www.howtostudykorean.com/wp-content/uploads/2015/11/Lesson25v31.mp3
고향,hometown,https://www.howtostudykorean.com/wp-content/uploads/2015/11/Lesson25v32.mp3
휴일,holiday,https://www.howtostudykorean.com/wp-content/uploads/2015/11/Lesson25v33.mp3
아기/애기,"baby, infant",https://www.howtostudykorean.com/wp-content/uploads/2015/11/Lesson25v34.mp3
산책하다,to go for a walk,https://www.howtostudykorean.com/wp-content/uploads/2015/11/Lesson25v35.mp3
사귀다,"to go out with, to date",https://www.howtostudykorean.com/wp-content/uploads/2015/11/Lesson25v36.mp3
무관심하다,to be indifferent,https://www.howtostudykorean.com/wp-content/uploads/2015/11/Lesson25v37.mp3
심하다,"to be severe, to be extreme",https://www.howtostudykorean.com/wp-content/uploads/2015/11/Lesson25v38.mp3
하루 종일,all day long,https://www.howtostudykorean.com/wp-content/uploads/2015/11/Lesson25v39.mp3
예전,"old days, past",https://www.howtostudykorean.com/wp-content/uploads/2015/11/Lesson25v40.mp3
관심이 있다,to be interested in,https://www.howtostudykorean.com/wp-content/uploads/2015/11/Lesson25v41.mp3
이때,at this moment,https://www.howtostudykorean.com/wp-content/uploads/2015/11/Lesson25v42.mp3
